Model,auc_roc_mean,auc_roc_std,auc_pr_mean,auc_pr_std,f1_mean,f1_std,sensitivity_mean,sensitivity_std,specificity_mean,specificity_std,mcc_mean,mcc_std,accuracy_mean,accuracy_std,brier_mean,brier_std
Ensemble (Soft Voting),0.6317,0.1076,0.4121,0.1399,0.5115,0.1069,0.7343,0.1406,0.6314,0.0433,0.3177,0.115,0.659,0.0368,0.2016,0.0169
LightGBM (Calibrated),0.6642,0.1189,0.4755,0.1532,0.5591,0.1078,0.7429,0.1502,0.6881,0.1826,0.3908,0.1472,0.7016,0.1178,0.1912,0.0343
LightGBM,0.6588,0.1177,0.4581,0.1886,0.55,0.1027,0.7114,0.2086,0.698,0.209,0.3927,0.15,0.7016,0.1197,0.206,0.0461
Logistic Regression,0.6853,0.1111,0.5228,0.1743,0.5554,0.1196,0.7876,0.097,0.6493,0.0711,0.3826,0.1406,0.6876,0.0705,0.2283,0.0465
Random Forest,0.7275,0.0766,0.4917,0.1416,0.6148,0.0739,0.7943,0.1504,0.7239,0.1637,0.4783,0.0932,0.745,0.101,0.1922,0.032
RF (Calibrated),0.6682,0.0682,0.4445,0.1579,0.5465,0.1023,0.7162,0.1931,0.6937,0.1482,0.3799,0.0938,0.709,0.0862,0.1877,0.0333
SVM,0.6513,0.0793,0.3968,0.0665,0.5518,0.1238,0.7571,0.1874,0.6685,0.1611,0.3911,0.1303,0.6947,0.0951,0.2188,0.0389
XGBoost,0.5925,0.0929,0.3631,0.0941,0.4688,0.1309,0.7543,0.1582,0.5165,0.0592,0.2426,0.1476,0.5796,0.0658,0.2647,0.0234
CNN (1D-ResNet),0.6005,0.0708,,,0.5204,0.0996,0.7489,0.2381,0.6238,0.2795,0.3721,0.1105,0.6468,0.1531,,
