patient_id,study_date,series_uid,series_dir,series_description,num_files,is_dce,timepoint,DataExtractDt,age,race_id,ER,PR,HR Pos,HER2,HR_HER2_CATEGORY,HR_HER2_STATUS,BilateralCa,Laterality,MRI LD Baseline,MRI LD 1-3dAC,MRI LD InterReg,MRI LD PreSurg,pCR,Date of diagnosis,Age (years) ,Ethnicity,Race  ,Affected breast ,Clinical stage ,Clinical T ,Clinical N ,Clinical M ,Size (cm)  ,Method of determination ,Clinical node stage (N) ,LN Assessment  ,HER2-Neu status by FISH,HER2-Neu status by IHC,BRCA mutation,grade,Histology,Specific histology (if applicable),Proliferation rate,Neoadjuvant chemo (NAC),Treatment notes (no NAC),NAC Agent #1,Start date #1,End date #1,NAC Agent #2,Start date #2,End Date #2,NAC Agent #3,Start date #3,End Date #3,NAC Agent #4,Start date #4,End Date #4,NAC Agent  #5,Start date #5,End Date #5,Pre-treatment (Scan 1) Completed,Scan 2 Completed,Scan 3 Completed,Scan 4 Completed,Axillary node dissection,Nodal stage,Excised tumor size (cm),Margins,Date of Surgery,Status,Date of death,Status Date,Notes
12,20040910,1.3.6.1.4.1.14519.5.2.1.8162.5966.314873220420625082524397488868,C:\Users\ferra\Documents\breast_cancer_nac\data\raw\ISPY1\manifest-1554746803134\QIN-BREAST-02\QIN-BREAST-02-0012\09-10-2004-NA-2065131046-16551\8201.000000-dynamicsmartTX6deg-88868,dynamic_smartTX_6deg,550,True,T0,,,,Positive,Positive,,,,,,,,,,,1,2004-08-15 00:00:00,36,Not Hispanic or Latino,White,Left,I,T1c,N0,MX,1.4,MRI,negative,Not Evaluated,Amplified,Unknown,No,NOMATCH,Invasive Ductal Carcinoma,,Intermediate,YES,,Goserelin Acetate ,2004-09-18 00:00:00,,Other,2004-09-19 00:00:00,2005-01-02 00:00:00,Other,2004-09-19 00:00:00,,Trastuzumab,2005-02-19 00:00:00,,Paclitaxel,2005-03-06 00:00:00,2005-05-22 00:00:00,Yes,No,No,,No,N0,0,Negative,2005-02-07 00:00:00,Alive with no evidence of disease,,2005-07-17 00:00:00,
9,20040502,1.3.6.1.4.1.14519.5.2.1.8162.5966.265358722827943555250550965553,C:\Users\ferra\Documents\breast_cancer_nac\data\raw\ISPY1\manifest-1554746803134\QIN-BREAST-02\QIN-BREAST-02-0009\05-02-2004-NA-2065129989-05319\8701.000000-dynamicsmartTX6deg-65553,dynamic_smartTX_6deg,550,True,T0,,,,Negative,Negative Finding,,,,,,,,,,,1,2004-04-18 00:00:00,52,Not Hispanic or Latino,White,Right,IIB,T2,N1,MX,2.6,Ultrasound,positive,Core biopsy,Amplified,Unknown,,High Grade,Invasive Ductal Carcinoma,,Intermediate,YES,,Other,2004-05-18 00:00:00,2004-08-31 00:00:00,Other,2004-05-18 00:00:00,2004-08-31 00:00:00,,,,,,,,,,Yes,Yes,Yes,No,Yes,N0,0,Negative,2004-10-04 00:00:00,Alive with no evidence of disease,,2004-11-30 00:00:00,
1,20030503,1.3.6.1.4.1.14519.5.2.1.8162.5966.896510910780133515593813126185,C:\Users\ferra\Documents\breast_cancer_nac\data\raw\ISPY1\manifest-1554746803134\QIN-BREAST-02\QIN-BREAST-02-0001\05-03-2003-NA-2065126682-15664\8101.000000-dynamicsmartTX6deg-26185,dynamic_smartTX_6deg,550,True,T0,,,,Positive,Positive,,,,,,,,,,,0,2003-04-07 00:00:00,34,Not Hispanic or Latino,White,Left,IIB,T2,N1,M0,4,Physical Exam,positive,Core biopsy,Not amplified,Equivocal,No,High Grade,Invasive Ductal Carcinoma,,,YES,,Doxorubicin (Adriamycin),2003-05-11 00:00:00,2003-06-21 00:00:00,Cyclophosphamide,2003-05-11 00:00:00,2003-06-21 00:00:00,Paclitaxel,2003-07-06 00:00:00,2003-09-21 00:00:00,,,,,,,Yes,Yes,Yes,No,Yes,N1,1.3,Negative,2003-10-18 00:00:00,Alive with no evidence of disease,,2004-07-25 00:00:00,
2,20030531,1.3.6.1.4.1.14519.5.2.1.8162.5966.339132555218329509131658501461,C:\Users\ferra\Documents\breast_cancer_nac\data\raw\ISPY1\manifest-1554746803134\QIN-BREAST-02\QIN-BREAST-02-0002\05-31-2003-NA-2065126884-68531\8001.000000-dynamicsmartTX6deg-01461,dynamic_smartTX_6deg,550,True,T0,,,,Positive,Negative Finding,,,,,,,,,,,0,2003-04-20 00:00:00,49,Not Hispanic or Latino,Black or African American,Left,IIIA,T3,N1,M0,5,Ultrasound,positive,Fine needle aspiration biopsy,Not amplified,Positive,,High Grade,Invasive Ductal Carcinoma,,High,YES,,Cyclophosphamide,2003-06-13 00:00:00,2003-07-04 00:00:00,Doxorubicin (Adriamycin),2003-06-13 00:00:00,2003-07-04 00:00:00,Paclitaxel,2003-07-28 00:00:00,2003-09-08 00:00:00,,,,,,,Yes,Yes,Yes,No,Yes,N1,5,Negative,2003-09-14 00:00:00,Alive with disease,,2003-12-15 00:00:00,
3,20030624,1.3.6.1.4.1.14519.5.2.1.8162.5966.150977558344568035873135142608,C:\Users\ferra\Documents\breast_cancer_nac\data\raw\ISPY1\manifest-1554746803134\QIN-BREAST-02\QIN-BREAST-02-0003\06-24-2003-NA-2065127039-29021\8001.000000-dynamicsmartTX6deg-42608,dynamic_smartTX_6deg,550,True,T0,,,,Negative,Negative Finding,,,,,,,,,,,1,2003-05-25 00:00:00,47,Not Hispanic or Latino,White,Left,IIA,T1c,N1,MX,1.5,Ultrasound,positive,Core biopsy,Not amplified,Unknown,Yes,High Grade,Invasive Ductal Carcinoma,,High,YES,,Cyclophosphamide,2003-06-28 00:00:00,2003-08-09 00:00:00,Doxorubicin (Adriamycin),2003-06-28 00:00:00,2003-08-09 00:00:00,Paclitaxel,2003-08-26 00:00:00,2003-09-02 00:00:00,Carboplatin,2003-08-26 00:00:00,2003-09-02 00:00:00,,,,Yes,No,Yes,Yes,Yes,N0,0,Negative,2003-10-06 00:00:00,Alive with no evidence of disease,,2004-09-28 00:00:00,
11,20040807,1.3.6.1.4.1.14519.5.2.1.8162.5966.158970202289462382768086514121,C:\Users\ferra\Documents\breast_cancer_nac\data\raw\ISPY1\manifest-1554746803134\QIN-BREAST-02\QIN-BREAST-02-0011\08-07-2004-NA-2065130795-31383\8101.000000-dynamicsmartTX6deg-14121,dynamic_smartTX_6deg,550,True,T0,,,,Positive,Positive,,,,,,,,,,,0,2004-07-23 00:00:00,47,Not Hispanic or Latino,White,Left,IIA,T2,N0,MX,3.7,MRI,negative,Not Evaluated,Equivocal,Equivocal,Yes,High Grade,Invasive Ductal Carcinoma,,Intermediate,YES,,Cyclophosphamide,2004-08-10 00:00:00,2004-09-21 00:00:00,Doxorubicin (Adriamycin),2004-08-10 00:00:00,2004-09-21 00:00:00,Paclitaxel,2004-10-04 00:00:00,2004-12-20 00:00:00,,,,,,,Yes,Yes,Yes,Yes,No,N0,2.3,Negative,2005-01-29 00:00:00,Alive with no evidence of disease,,2005-07-22 00:00:00,
4,20030919,1.3.6.1.4.1.14519.5.2.1.8162.5966.133932809090211809308793785383,C:\Users\ferra\Documents\breast_cancer_nac\data\raw\ISPY1\manifest-1554746803134\QIN-BREAST-02\QIN-BREAST-02-0004\09-19-2003-NA-2065127840-09025\8601.000000-dynamicsmartTX6deg-85383,dynamic_smartTX_6deg,550,True,T0,,,,Negative,Negative Finding,,,,,,,,,,,0,2003-08-23 00:00:00,56,Not Hispanic or Latino,White,Left,IIIA,T2,N2a,M0,3.1,MRI,positive,Fine needle aspiration biopsy,Not amplified,Negative,,High Grade,Invasive Ductal Carcinoma,,High,YES,,Cisplatin,2003-10-01 00:00:00,2003-10-24 00:00:00,Doxorubicin (Adriamycin),2004-01-05 00:00:00,2004-01-05 00:00:00,,,,,,,,,,Yes,Yes,Yes,No,,,,,,Died,2004-02-23 00:00:00,,Died of metastatic disease before surgery.
5,20030921,1.3.6.1.4.1.14519.5.2.1.8162.5966.170352547939943345245908256146,C:\Users\ferra\Documents\breast_cancer_nac\data\raw\ISPY1\manifest-1554746803134\QIN-BREAST-02\QIN-BREAST-02-0005\09-21-2003-NA-2065127852-88663\8101.000000-dynamicsmartTX6deg-56146,dynamic_smartTX_6deg,550,True,T0,,,,Positive,Positive,,,,,,,,,,,0,2003-07-11 00:00:00,38,Not Hispanic or Latino,Black or African American,Right,IIB,T2,N1,MX,2.2,MRI,positive,Fine needle aspiration biopsy,No HER2 result / Not done,Negative,Yes,High Grade,Invasive Ductal Carcinoma,,High,YES,,Cyclophosphamide,2003-09-26 00:00:00,2003-11-17 00:00:00,Doxorubicin (Adriamycin),2003-09-26 00:00:00,2003-11-17 00:00:00,Paclitaxel,2003-12-05 00:00:00,,,,,,,,Yes,Yes,Yes,No,Yes,,2,,2004-08-31 00:00:00,,,,
10,20040531,1.3.6.1.4.1.14519.5.2.1.8162.5966.138195785857711152067645960363,C:\Users\ferra\Documents\breast_cancer_nac\data\raw\ISPY1\manifest-1554746803134\QIN-BREAST-02\QIN-BREAST-02-0010\05-31-2004-NA-2065130239-99050\8201.000000-dynamicsmartTX6deg-60363,dynamic_smartTX_6deg,550,True,T0,,,,Positive,Negative Finding,,,,,,,,,,,0,2004-05-16 00:00:00,44,Not Hispanic or Latino,White,Left,IIA,T2,N0,MX,2.6,MRI,negative,Not Evaluated,Not amplified,Negative,,High Grade,Invasive Ductal Carcinoma,,High,YES,,Cyclophosphamide,2004-06-13 00:00:00,2004-07-24 00:00:00,Doxorubicin (Adriamycin),2004-06-13 00:00:00,2004-07-24 00:00:00,Paclitaxel,2004-08-07 00:00:00,2004-10-23 00:00:00,,,,,,,Yes,Yes,No,No,Yes,N1,1,Negative,2004-11-23 00:00:00,Alive with no evidence of disease,,2004-12-11 00:00:00,
6,20031129,1.3.6.1.4.1.14519.5.2.1.8162.5966.195788360570405435263687224015,C:\Users\ferra\Documents\breast_cancer_nac\data\raw\ISPY1\manifest-1554746803134\QIN-BREAST-02\QIN-BREAST-02-0006\11-29-2003-NA-NA-44205\8101.000000-dynamicsmartTX6deg-24015,dynamic_smartTX_6deg,550,True,T0,,,,Negative,Negative Finding,,,,,,,,,,,0,2003-09-19 00:00:00,49,Not Hispanic or Latino,Black or African American,Left,I,T1c,N0,M0,1.5,MRI,negative,Not Evaluated,Not amplified,Negative,No,High Grade,Invasive Ductal Carcinoma,,High,YES,,Cyclophosphamide,2003-11-16 00:00:00,2003-12-27 00:00:00,Doxorubicin (Adriamycin),2003-11-16 00:00:00,2003-12-27 00:00:00,Paclitaxel,2004-01-10 00:00:00,2004-03-27 00:00:00,,,,,,,No,Yes,No,No,No,N0,0.8,Negative,2004-04-26 00:00:00,Alive with no evidence of disease,,2004-11-23 00:00:00,
13,20050107,1.3.6.1.4.1.14519.5.2.1.8162.5966.225252672624966532301590319848,C:\Users\ferra\Documents\breast_cancer_nac\data\raw\ISPY1\manifest-1554746803134\QIN-BREAST-02\QIN-BREAST-02-0013\01-07-2005-NA-2065132018-01967\8701.000000-dynamicsmartTX6deg-19848,dynamic_smartTX_6deg,550,True,T0,,,,Positive,Positive,,,,,,,,,,,0,2004-12-12 00:00:00,44,Not Hispanic or Latino,White,Left,IIA,T2,N0,M0,2.9,MRI,negative,Core biopsy,Amplified,Unknown,No,High Grade,Invasive Ductal Carcinoma,,Intermediate,YES,,Other,2005-01-08 00:00:00,2005-04-23 00:00:00,Other,2005-01-08 00:00:00,,Trastuzumab,2005-05-29 00:00:00,,,,,,,,Yes,Yes,Yes,,No,N0,0.7,Negative,2005-05-23 00:00:00,Alive with no evidence of disease,,2005-07-30 00:00:00,
7,20040123,1.3.6.1.4.1.14519.5.2.1.8162.5966.153603585449580844757857548427,C:\Users\ferra\Documents\breast_cancer_nac\data\raw\ISPY1\manifest-1554746803134\QIN-BREAST-02\QIN-BREAST-02-0007\01-23-2004-NA-2065128920-26526\8401.000000-dynamicsmartTX6deg-48427,dynamic_smartTX_6deg,550,True,T0,,,,Negative,Negative Finding,,,,,,,,,,,0,2003-12-20 00:00:00,32,Not Hispanic or Latino,Black or African American,Right,IIB,T2,N1,MX,2.6,MRI,positive,Core biopsy,Not amplified,Negative,No,High Grade,Invasive Ductal Carcinoma,,Intermediate,YES,,Cyclophosphamide,2004-01-13 00:00:00,2004-02-24 00:00:00,Doxorubicin (Adriamycin),2004-01-13 00:00:00,2004-02-24 00:00:00,Paclitaxel,2004-03-09 00:00:00,2004-06-01 00:00:00,,,,,,,No,Yes,Yes,No,Yes,N1,0.35,Negative,2004-07-17 00:00:00,Died,2005-06-17 00:00:00,,Last office visit 10/28/2005; palliative care for metastatic breast cancer.
8,20040312,1.3.6.1.4.1.14519.5.2.1.8162.5966.198906537268489397849585871776,C:\Users\ferra\Documents\breast_cancer_nac\data\raw\ISPY1\manifest-1554746803134\QIN-BREAST-02\QIN-BREAST-02-0008\03-12-2004-NA-2065129302-36009\8501.000000-dynamicsmartTX6deg-71776,dynamic_smartTX_6deg,550,True,T0,,,,Positive,Negative Finding,,,,,,,,,,,0,2004-01-25 00:00:00,64,Not Hispanic or Latino,White,Left,IIA,T2,N0,MX,2.7,MRI,negative,Not Evaluated,Not amplified,Negative,,Low Grade,Invasive Ductal Carcinoma,,Low,NO ,BRE1393:  letrozole +/- BYL719,,,,,,,,,,,,,,,,Yes,Yes,Yes,No,No,N0,0.25,Negative,2004-08-30 00:00:00,Alive with no evidence of disease,,2004-11-15 00:00:00,
1060,19860306,1.3.6.1.4.1.14519.5.2.1.7695.1700.112617537903545042428007480451,C:\Users\ferra\Documents\breast_cancer_nac\data\raw\ISPY1\manifest-PyHQgfru6393647793776378748\ISPY1\ISPY1_1060\03-06-1986-142586-MR BREAST WOW CONT6657-20991\1001.000000-BRSTCA SENSFS3DSAG 6DYN-80451,BRSTCA SENSFS3DSAG 6DYN,420,True,T0,2009-09-03 00:00:00,67.18,3,1,1,1,0,1,HRposHER2neg,0,2,72,66,45,35,0,,,,,,,,,,,,,,,,,,,,,,,,,,,,,,,,,,,,,,,,,,,,,,,,,,
1104,19861009,1.3.6.1.4.1.14519.5.2.1.7695.1700.165562380281770966967492346429,C:\Users\ferra\Documents\breast_cancer_nac\data\raw\ISPY1\manifest-PyHQgfru6393647793776378748\ISPY1\ISPY1_1104\10-09-1986-425573-3607 - MR BREAST WOW CONT ACRIN 6657-00434\1001.000000-6657 BreasFS3DSAG 6DYN-46429,#6657 BreasFS3DSAG 6DYN,360,True,T0,2009-09-03 00:00:00,51.18,3,0,0,0,1,2,HER2pos,0,2,52,48,24,,1,,,,,,,,,,,,,,,,,,,,,,,,,,,,,,,,,,,,,,,,,,,,,,,,,,
1165,19870718,1.3.6.1.4.1.14519.5.2.1.7695.1700.204997059652029804184146020334,C:\Users\ferra\Documents\breast_cancer_nac\data\raw\ISPY1\manifest-PyHQgfru6393647793776378748\ISPY1\ISPY1_1165\07-18-1987-854275-3607 MR BREAST WWO LEFT-35876\1001.000000-6657 BreasFS3DSAG 6DYN-20334,#6657 BreasFS3DSAG 6DYN,360,True,T0,2009-09-03 00:00:00,39.66,1,0,0,0,0,3,TripleNeg,0,1,88,75,70,7,0,,,,,,,,,,,,,,,,,,,,,,,,,,,,,,,,,,,,,,,,,,,,,,,,,,
1089,19860908,1.3.6.1.4.1.14519.5.2.1.7695.1700.329133051225828069808815405509,C:\Users\ferra\Documents\breast_cancer_nac\data\raw\ISPY1\manifest-PyHQgfru6393647793776378748\ISPY1\ISPY1_1089\09-08-1986-373408-MR 6657 RT BREAST WOW 92-28716\1201.000000-6657 BreasFS3DSAG 6DYN-05509,#6657 BreasFS3DSAG 6DYN,360,True,T0,2009-09-03 00:00:00,60.95,3,1,1,1,0,1,HRposHER2neg,0,2,90,89,60,60,0,,,,,,,,,,,,,,,,,,,,,,,,,,,,,,,,,,,,,,,,,,,,,,,,,,
1106,19861006,1.3.6.1.4.1.14519.5.2.1.7695.1700.169366518771039601823333765745,C:\Users\ferra\Documents\breast_cancer_nac\data\raw\ISPY1\manifest-PyHQgfru6393647793776378748\ISPY1\ISPY1_1106\10-06-1986-952853-3607 MR RT BREAST WOW CONT-61569\1001.000000-6657 BreasFS3DSAG 6DYN-65745,#6657 BreasFS3DSAG 6DYN,360,True,T0,2009-09-03 00:00:00,50.41,0,1,1,1,0,1,HRposHER2neg,0,2,60,56,56,41,0,,,,,,,,,,,,,,,,,,,,,,,,,,,,,,,,,,,,,,,,,,,,,,,,,,
1098,19860919,1.3.6.1.4.1.14519.5.2.1.7695.1700.179421902361743959678818979795,C:\Users\ferra\Documents\breast_cancer_nac\data\raw\ISPY1\manifest-PyHQgfru6393647793776378748\ISPY1\ISPY1_1098\09-19-1986-199906-3607 - 6657 MR RIGHT BREAST-04586\1101.000000-6657 BreasFS3DSAG 6DYN-79795,#6657 BreasFS3DSAG 6DYN,360,True,T0,2009-09-03 00:00:00,62.29,1,1,0,1,1,2,HER2pos,0,2,60,52,32,0,1,,,,,,,,,,,,,,,,,,,,,,,,,,,,,,,,,,,,,,,,,,,,,,,,,,
1125,19861212,1.3.6.1.4.1.14519.5.2.1.7695.1700.782971675227647380000620087585,C:\Users\ferra\Documents\breast_cancer_nac\data\raw\ISPY1\manifest-PyHQgfru6393647793776378748\ISPY1\ISPY1_1125\12-12-1986-838627-3607 - 6657 LT BREAST WOW CONT-33205\1001.000000-6657 BreasFS3DSAG 6DYN-87585,#6657 BreasFS3DSAG 6DYN,360,True,T0,2009-09-03 00:00:00,44.85,50,1,1,1,0,1,HRposHER2neg,0,1,85,78,80,55,1,,,,,,,,,,,,,,,,,,,,,,,,,,,,,,,,,,,,,,,,,,,,,,,,,,
1124,19861211,1.3.6.1.4.1.14519.5.2.1.7695.1700.122673880464686628051847045718,C:\Users\ferra\Documents\breast_cancer_nac\data\raw\ISPY1\manifest-PyHQgfru6393647793776378748\ISPY1\ISPY1_1124\12-11-1986-465863-3607 - 6657 LT BREASTGAD-82071\1001.000000-6657 BreasFS3DSAG 6DYN-45718,#6657 BreasFS3DSAG 6DYN,360,True,T0,2009-09-03 00:00:00,47.6,1,0,0,0,1,2,HER2pos,0,1,100,95,95,82,0,,,,,,,,,,,,,,,,,,,,,,,,,,,,,,,,,,,,,,,,,,,,,,,,,,
1065,19860320,1.3.6.1.4.1.14519.5.2.1.7695.1700.229372893121895247930511976954,C:\Users\ferra\Documents\breast_cancer_nac\data\raw\ISPY1\manifest-PyHQgfru6393647793776378748\ISPY1\ISPY1_1065\03-20-1986-185167-MR RT BREAST WOW CONT6657-50206\801.000000-ptrepeat   FS3DSAG 6DYN-76954,ptrepeat   FS3DSAG 6DYN,330,True,T0,2009-09-03 00:00:00,55.22,3,1,1,1,1,2,HER2pos,0,2,41,50,40,25,0,,,,,,,,,,,,,,,,,,,,,,,,,,,,,,,,,,,,,,,,,,,,,,,,,,
1228,19880523,1.3.6.1.4.1.14519.5.2.1.7695.1700.190611090078109166497225871962,C:\Users\ferra\Documents\breast_cancer_nac\data\raw\ISPY1\manifest-PyHQgfru6393647793776378748\ISPY1\ISPY1_1228\05-23-1988-352910-MR BREAST BILAT W OR WO SCCA-81056\5.000000-BILAT T1 SPGR POST-71962,BILAT T1 SPGR POST,256,True,T0,2009-09-03 00:00:00,53.25,3,0,0,0,1,2,HER2pos,0,1,120,117,6,5,1,,,,,,,,,,,,,,,,,,,,,,,,,,,,,,,,,,,,,,,,,,,,,,,,,,
1167,19870726,1.3.6.1.4.1.14519.5.2.1.7695.1700.116634872453367927101604141748,C:\Users\ferra\Documents\breast_cancer_nac\data\raw\ISPY1\manifest-PyHQgfru6393647793776378748\ISPY1\ISPY1_1167\07-26-1987-939235-MR BREAST BILAT W OR WO SCCA-63906\6.000000-BILAT T1 SPGR POST-41748,BILAT T1 SPGR POST,240,True,T0,2009-09-03 00:00:00,50.63,1,1,1,1,1,2,HER2pos,0,2,102,96,17,7,0,,,,,,,,,,,,,,,,,,,,,,,,,,,,,,,,,,,,,,,,,,,,,,,,,,
1160,19870516,1.3.6.1.4.1.14519.5.2.1.7695.1700.469494707848476514393723946157,C:\Users\ferra\Documents\breast_cancer_nac\data\raw\ISPY1\manifest-PyHQgfru6393647793776378748\ISPY1\ISPY1_1160\05-16-1987-204432-MR BREAST BILAT W OR WO SCCA-72170\7.000000-BILAT T1 SPGR POST-46157,BILAT T1 SPGR POST,240,True,T0,2009-09-03 00:00:00,55.65,1,0,0,0,0,3,TripleNeg,0,2,77,72,,38,0,,,,,,,,,,,,,,,,,,,,,,,,,,,,,,,,,,,,,,,,,,,,,,,,,,
1182,19871025,1.3.6.1.4.1.14519.5.2.1.7695.1700.275155727192135924706070000894,C:\Users\ferra\Documents\breast_cancer_nac\data\raw\ISPY1\manifest-PyHQgfru6393647793776378748\ISPY1\ISPY1_1182\10-25-1987-663335-MR BREAST BILAT W OR WO SCCA-25833\7.000000-BILAT T1 SPGR POST-00894,BILAT T1 SPGR POST,232,True,T0,2009-09-03 00:00:00,42.24,1,0,0,0,1,2,HER2pos,0,2,48,37,4,21,1,,,,,,,,,,,,,,,,,,,,,,,,,,,,,,,,,,,,,,,,,,,,,,,,,,
1126,19861210,1.3.6.1.4.1.14519.5.2.1.7695.1700.321817842970692836003428028168,C:\Users\ferra\Documents\breast_cancer_nac\data\raw\ISPY1\manifest-PyHQgfru6393647793776378748\ISPY1\ISPY1_1126\12-10-1986-075558-MR BREAST BILAT W OR WO SCCA-16262\7.000000-BILAT T1 SPGR POST-28168,BILAT T1 SPGR POST,224,True,T0,2009-09-03 00:00:00,62.95,1,0,0,0,0,3,TripleNeg,0,2,105,92,,70,1,,,,,,,,,,,,,,,,,,,,,,,,,,,,,,,,,,,,,,,,,,,,,,,,,,
1099,19860912,1.3.6.1.4.1.14519.5.2.1.7695.1700.213462325359469755577407645202,C:\Users\ferra\Documents\breast_cancer_nac\data\raw\ISPY1\manifest-PyHQgfru6393647793776378748\ISPY1\ISPY1_1099\09-12-1986-082132-MR BREASTUNI UE-32389\4.000000-Dynamic-Unilateral 3dfgre-45202,Dynamic-Unilateral 3dfgre,180,True,T0,2009-09-03 00:00:00,50.35,1,0,0,0,0,3,TripleNeg,0,1,69,52,31,6,1,,,,,,,,,,,,,,,,,,,,,,,,,,,,,,,,,,,,,,,,,,,,,,,,,,
1152,19870509,1.3.6.1.4.1.14519.5.2.1.7695.1700.995322970462407618911466537486,C:\Users\ferra\Documents\breast_cancer_nac\data\raw\ISPY1\manifest-PyHQgfru6393647793776378748\ISPY1\ISPY1_1152\05-09-1987-206564-Breast-Left-57571\5.000000-Dynamic-Unilateral 3dfgre-37486,Dynamic-Unilateral 3dfgre,180,True,T0,2009-09-03 00:00:00,51.29,1,1,1,1,1,2,HER2pos,0,1,70,66,57,34,0,,,,,,,,,,,,,,,,,,,,,,,,,,,,,,,,,,,,,,,,,,,,,,,,,,
1189,19871122,1.3.6.1.4.1.14519.5.2.1.7695.1700.337684541400077102072707800970,C:\Users\ferra\Documents\breast_cancer_nac\data\raw\ISPY1\manifest-PyHQgfru6393647793776378748\ISPY1\ISPY1_1189\11-22-1987-229534-MR BREASTUNI UE-72269\3.000000-Dynamic-Unilateral 3dfgre-00970,Dynamic-Unilateral 3dfgre,180,True,T0,2009-09-03 00:00:00,68.82,4,0,0,0,1,2,HER2pos,0,2,33,26,0,0,1,,,,,,,,,,,,,,,,,,,,,,,,,,,,,,,,,,,,,,,,,,,,,,,,,,
1100,19860919,1.3.6.1.4.1.14519.5.2.1.7695.1700.148377741990293015781063885497,C:\Users\ferra\Documents\breast_cancer_nac\data\raw\ISPY1\manifest-PyHQgfru6393647793776378748\ISPY1\ISPY1_1100\09-19-1986-527050-MR BREASTUNI UE-42763\3.000000-Dynamic-Unilateral 3dfgre-85497,Dynamic-Unilateral 3dfgre,180,True,T0,2009-09-03 00:00:00,63.32,1,1,0,1,0,1,HRposHER2neg,0,1,36,31,20,15,0,,,,,,,,,,,,,,,,,,,,,,,,,,,,,,,,,,,,,,,,,,,,,,,,,,
1051,19860102,1.3.6.1.4.1.14519.5.2.1.7695.1700.158167564956224446228560236140,C:\Users\ferra\Documents\breast_cancer_nac\data\raw\ISPY1\manifest-PyHQgfru6393647793776378748\ISPY1\ISPY1_1051\01-02-1986-334748-MR BREASTUNI UE-18576\5.000000-Dynamic-3dfgre-36140,Dynamic-3dfgre,180,True,T0,2009-09-03 00:00:00,48.8,1,1,1,1,0,1,HRposHER2neg,0,2,102,,87,79,1,,,,,,,,,,,,,,,,,,,,,,,,,,,,,,,,,,,,,,,,,,,,,,,,,,
1101,19860928,1.3.6.1.4.1.14519.5.2.1.7695.1700.265615742264509182668608092720,C:\Users\ferra\Documents\breast_cancer_nac\data\raw\ISPY1\manifest-PyHQgfru6393647793776378748\ISPY1\ISPY1_1101\09-28-1986-580776-MR BREASTUNI UE-15922\3.000000-Dynamic-Unilateral 3dfgre-92720,Dynamic-Unilateral 3dfgre,180,True,T0,2009-09-03 00:00:00,42.84,3,0,0,0,1,2,HER2pos,0,2,89,38,91,80,0,,,,,,,,,,,,,,,,,,,,,,,,,,,,,,,,,,,,,,,,,,,,,,,,,,
1185,19871112,1.3.6.1.4.1.14519.5.2.1.7695.1700.436572018669967494006734599651,C:\Users\ferra\Documents\breast_cancer_nac\data\raw\ISPY1\manifest-PyHQgfru6393647793776378748\ISPY1\ISPY1_1185\11-12-1987-332455-MR BREASTUNI UE-56056\4.000000-Dynamic-Unilateral 3dfgre-99651,Dynamic-Unilateral 3dfgre,180,True,T0,2009-09-03 00:00:00,49.79,1,1,1,1,0,1,HRposHER2neg,0,2,71,51,19,0,0,,,,,,,,,,,,,,,,,,,,,,,,,,,,,,,,,,,,,,,,,,,,,,,,,,
1041,19851106,1.3.6.1.4.1.14519.5.2.1.7695.1700.334680376380845296416824459800,C:\Users\ferra\Documents\breast_cancer_nac\data\raw\ISPY1\manifest-PyHQgfru6393647793776378748\ISPY1\ISPY1_1041\11-06-1985-910137-MR BREASTUNI UE-96104\5.000000-Dynamic-3dfgre-59800,Dynamic-3dfgre,180,True,T0,2009-09-03 00:00:00,46.64,1,1,1,1,1,2,HER2pos,0,1,90,86,86,53,0,,,,,,,,,,,,,,,,,,,,,,,,,,,,,,,,,,,,,,,,,,,,,,,,,,
1194,19871206,1.3.6.1.4.1.14519.5.2.1.7695.1700.320416875962419617046069967610,C:\Users\ferra\Documents\breast_cancer_nac\data\raw\ISPY1\manifest-PyHQgfru6393647793776378748\ISPY1\ISPY1_1194\12-06-1987-086626-L MRI PREPOST INF BREAMR-30211\4.000000-3D SAG FSPGR PREPOST-67610,3D SAG FSPGR PRE/POST,180,True,T0,2009-09-03 00:00:00,33.83,1,1,1,1,0,1,HRposHER2neg,0,1,59,59,55,28,0,,,,,,,,,,,,,,,,,,,,,,,,,,,,,,,,,,,,,,,,,,,,,,,,,,
1147,19870409,1.3.6.1.4.1.14519.5.2.1.7695.1700.416178620411741625426411215932,C:\Users\ferra\Documents\breast_cancer_nac\data\raw\ISPY1\manifest-PyHQgfru6393647793776378748\ISPY1\ISPY1_1147\04-09-1987-448986-MR BREASTUNI UE-63382\3.000000-Dynamic-Unilateral 3dfgre-15932,Dynamic-Unilateral 3dfgre,180,True,T0,2009-09-03 00:00:00,59.3,1,0,0,0,0,3,TripleNeg,0,1,63,42,22,9,0,,,,,,,,,,,,,,,,,,,,,,,,,,,,,,,,,,,,,,,,,,,,,,,,,,
1056,19860130,1.3.6.1.4.1.14519.5.2.1.7695.1700.334762602244816207751329838103,C:\Users\ferra\Documents\breast_cancer_nac\data\raw\ISPY1\manifest-PyHQgfru6393647793776378748\ISPY1\ISPY1_1056\01-30-1986-912695-MR BREASTUNI UE-77594\5.000000-Dynamic-3dfgre-38103,Dynamic-3dfgre,180,True,T0,2009-09-03 00:00:00,35.37,1,0,0,0,1,2,HER2pos,0,1,108,108,105,92,0,,,,,,,,,,,,,,,,,,,,,,,,,,,,,,,,,,,,,,,,,,,,,,,,,,
1038,19851003,1.3.6.1.4.1.14519.5.2.1.7695.1700.400677327627324790547773000905,C:\Users\ferra\Documents\breast_cancer_nac\data\raw\ISPY1\manifest-PyHQgfru6393647793776378748\ISPY1\ISPY1_1038\10-03-1985-506127-MRI RESEARCH GRANT-91092\7.000000-RT IR-SPGR SAG POST-00905,RT IR-SPGR SAG POST,180,True,T0,2009-09-03 00:00:00,37.81,3,0,0,0,0,3,TripleNeg,0,2,36,36,26,22,0,,,,,,,,,,,,,,,,,,,,,,,,,,,,,,,,,,,,,,,,,,,,,,,,,,
1204,19880103,1.3.6.1.4.1.14519.5.2.1.7695.1700.274897537154198064084966377951,C:\Users\ferra\Documents\breast_cancer_nac\data\raw\ISPY1\manifest-PyHQgfru6393647793776378748\ISPY1\ISPY1_1204\01-03-1988-429897-MR BREASTUNI UE-05716\4.000000-Dynamic-3dfgre-Phase160-77951,Dynamic-3dfgre-Phase=160,180,True,T0,2009-09-03 00:00:00,39.27,1,0,0,0,0,3,TripleNeg,0,2,45,32,24,18,0,,,,,,,,,,,,,,,,,,,,,,,,,,,,,,,,,,,,,,,,,,,,,,,,,,
1134,19870114,1.3.6.1.4.1.14519.5.2.1.7695.1700.202330656998774093090285791281,C:\Users\ferra\Documents\breast_cancer_nac\data\raw\ISPY1\manifest-PyHQgfru6393647793776378748\ISPY1\ISPY1_1134\01-14-1987-859846-MR BREASTUNI UE-70873\3.000000-Dynamic-Unilateral 3dfgre-91281,Dynamic-Unilateral 3dfgre,180,True,T0,2009-09-03 00:00:00,43.06,1,1,1,1,0,1,HRposHER2neg,0,1,38,41,21,15,0,,,,,,,,,,,,,,,,,,,,,,,,,,,,,,,,,,,,,,,,,,,,,,,,,,
1061,19860307,1.3.6.1.4.1.14519.5.2.1.7695.1700.160565748415181759979708814432,C:\Users\ferra\Documents\breast_cancer_nac\data\raw\ISPY1\manifest-PyHQgfru6393647793776378748\ISPY1\ISPY1_1061\03-07-1986-792600-MR BREASTUNI UE-17355\5.000000-Dynamic-3dfgre-14432,Dynamic-3dfgre,180,True,T0,2009-09-03 00:00:00,54.19,1,0,0,0,1,2,HER2pos,0,2,60,57,18,20,0,,,,,,,,,,,,,,,,,,,,,,,,,,,,,,,,,,,,,,,,,,,,,,,,,,
1062,19860307,1.3.6.1.4.1.14519.5.2.1.7695.1700.101292280201286037436081459649,C:\Users\ferra\Documents\breast_cancer_nac\data\raw\ISPY1\manifest-PyHQgfru6393647793776378748\ISPY1\ISPY1_1062\03-07-1986-419773-MR BREASTUNI UE-89606\5.000000-Dynamic-3dfgre-59649,Dynamic-3dfgre,180,True,T0,2009-09-03 00:00:00,34.61,1,1,1,1,0,1,HRposHER2neg,0,2,77,85,100,98,0,,,,,,,,,,,,,,,,,,,,,,,,,,,,,,,,,,,,,,,,,,,,,,,,,,
1171,19870816,1.3.6.1.4.1.14519.5.2.1.7695.1700.173851239557272189964652933264,C:\Users\ferra\Documents\breast_cancer_nac\data\raw\ISPY1\manifest-PyHQgfru6393647793776378748\ISPY1\ISPY1_1171\08-16-1987-085920-MR BREASTUNI UE-71443\3.000000-Dynamic-Unilateral 3dfgre-33264,Dynamic-Unilateral 3dfgre,180,True,T0,2009-09-03 00:00:00,50.98,1,0,0,0,1,2,HER2pos,0,2,48,34,31,16,1,,,,,,,,,,,,,,,,,,,,,,,,,,,,,,,,,,,,,,,,,,,,,,,,,,
1168,19870810,1.3.6.1.4.1.14519.5.2.1.7695.1700.200892389682105974273914096193,C:\Users\ferra\Documents\breast_cancer_nac\data\raw\ISPY1\manifest-PyHQgfru6393647793776378748\ISPY1\ISPY1_1168\08-10-1987-035143-MR BREASTUNI UE-60127\3.000000-Dynamic-3dfgre-Phase160-96193,Dynamic-3dfgre-Phase=160,180,True,T0,2009-09-03 00:00:00,44.59,1,0,0,0,0,3,TripleNeg,0,1,36,36,24,39,0,,,,,,,,,,,,,,,,,,,,,,,,,,,,,,,,,,,,,,,,,,,,,,,,,,
1078,19860525,1.3.6.1.4.1.14519.5.2.1.7695.1700.330747033152885047434326658751,C:\Users\ferra\Documents\breast_cancer_nac\data\raw\ISPY1\manifest-PyHQgfru6393647793776378748\ISPY1\ISPY1_1078\05-25-1986-189019-MR BREASTUNI UE-70907\5.000000-Dynamic-3dfgre-58751,Dynamic-3dfgre,180,True,T0,2009-09-03 00:00:00,31.33,5,1,1,1,0,1,HRposHER2neg,0,1,86,88,88,86,1,,,,,,,,,,,,,,,,,,,,,,,,,,,,,,,,,,,,,,,,,,,,,,,,,,
1077,19860529,1.3.6.1.4.1.14519.5.2.1.7695.1700.282953440681021525999516976814,C:\Users\ferra\Documents\breast_cancer_nac\data\raw\ISPY1\manifest-PyHQgfru6393647793776378748\ISPY1\ISPY1_1077\05-29-1986-568469-MR BREASTUNI UE-49535\4.000000-Dynamic-3dfgre-76814,Dynamic-3dfgre,180,True,T0,2009-09-03 00:00:00,41.65,1,1,1,1,1,2,HER2pos,0,1,51,39,16,15,1,,,,,,,,,,,,,,,,,,,,,,,,,,,,,,,,,,,,,,,,,,,,,,,,,,
1075,19860523,1.3.6.1.4.1.14519.5.2.1.7695.1700.286090820620330856220512600868,C:\Users\ferra\Documents\breast_cancer_nac\data\raw\ISPY1\manifest-PyHQgfru6393647793776378748\ISPY1\ISPY1_1075\05-23-1986-659327-MR BREASTUNI UE-96167\4.000000-Dynamic-3dfgre-00868,Dynamic-3dfgre,180,True,T0,2009-09-03 00:00:00,33.47,1,0,0,0,0,3,TripleNeg,0,2,54,27,6,0,1,,,,,,,,,,,,,,,,,,,,,,,,,,,,,,,,,,,,,,,,,,,,,,,,,,
1070,19860424,1.3.6.1.4.1.14519.5.2.1.7695.1700.272941971913419001007209401742,C:\Users\ferra\Documents\breast_cancer_nac\data\raw\ISPY1\manifest-PyHQgfru6393647793776378748\ISPY1\ISPY1_1070\04-24-1986-474867-BREAST-RIGHT-01424\3.000000-Dynamic-3dfgre-01742,Dynamic-3dfgre,180,True,T0,2009-09-03 00:00:00,36.78,0,1,0,1,0,1,HRposHER2neg,0,2,56,50,21,19,1,,,,,,,,,,,,,,,,,,,,,,,,,,,,,,,,,,,,,,,,,,,,,,,,,,
1088,19860801,1.3.6.1.4.1.14519.5.2.1.7695.1700.284641076219984766218952736499,C:\Users\ferra\Documents\breast_cancer_nac\data\raw\ISPY1\manifest-PyHQgfru6393647793776378748\ISPY1\ISPY1_1088\08-01-1986-270482-MR BREAST UNI U-91167\3.000000-Dynamic-Unilateral 3dfgre-36499,Dynamic-Unilateral 3dfgre,180,True,T0,2009-09-03 00:00:00,53.05,1,1,1,1,0,1,HRposHER2neg,0,1,77,87,43,0,1,,,,,,,,,,,,,,,,,,,,,,,,,,,,,,,,,,,,,,,,,,,,,,,,,,
1069,19860418,1.3.6.1.4.1.14519.5.2.1.7695.1700.255817221459019506867431648479,C:\Users\ferra\Documents\breast_cancer_nac\data\raw\ISPY1\manifest-PyHQgfru6393647793776378748\ISPY1\ISPY1_1069\04-18-1986-426248-MR BREASTUNI UE-88817\6.000000-Dynamic-3dfgre-Phase160-48479,Dynamic-3dfgre-Phase=160,180,True,T0,2009-09-03 00:00:00,57.18,1,1,1,1,0,1,HRposHER2neg,0,1,31,26,22,24,0,,,,,,,,,,,,,,,,,,,,,,,,,,,,,,,,,,,,,,,,,,,,,,,,,,
1177,19870925,1.3.6.1.4.1.14519.5.2.1.7695.1700.425318092599973549938764958545,C:\Users\ferra\Documents\breast_cancer_nac\data\raw\ISPY1\manifest-PyHQgfru6393647793776378748\ISPY1\ISPY1_1177\09-25-1987-525959-MR BREASTUNI UE-65365\7.000000-Dynamic-3dfgre-Phase160-58545,Dynamic-3dfgre-Phase=160,180,True,T0,2009-09-03 00:00:00,40.79,1,0,0,0,1,2,HER2pos,0,2,57,11,0,0,1,,,,,,,,,,,,,,,,,,,,,,,,,,,,,,,,,,,,,,,,,,,,,,,,,,
1032,19850725,1.3.6.1.4.1.14519.5.2.1.7695.1700.922720171377625332664550712681,C:\Users\ferra\Documents\breast_cancer_nac\data\raw\ISPY1\manifest-PyHQgfru6393647793776378748\ISPY1\ISPY1_1032\07-25-1985-936207-MR BREASTUNI UE-18065\4.000000-Dynamic-3dfgre-12681,Dynamic-3dfgre,180,True,T0,2009-09-03 00:00:00,37.58,4,1,1,1,0,1,HRposHER2neg,0,2,60,50,47,52,0,,,,,,,,,,,,,,,,,,,,,,,,,,,,,,,,,,,,,,,,,,,,,,,,,,
1158,19870522,1.3.6.1.4.1.14519.5.2.1.7695.1700.418513140064762570454570251447,C:\Users\ferra\Documents\breast_cancer_nac\data\raw\ISPY1\manifest-PyHQgfru6393647793776378748\ISPY1\ISPY1_1158\05-22-1987-320016-MR BREASTUNI UE-53579\4.000000-Dynamic-Unilateral 3dfgre-51447,Dynamic-Unilateral 3dfgre,180,True,T0,2009-09-03 00:00:00,61.79,1,1,1,1,0,1,HRposHER2neg,0,2,28,19,11,4,0,,,,,,,,,,,,,,,,,,,,,,,,,,,,,,,,,,,,,,,,,,,,,,,,,,
1064,19860315,1.3.6.1.4.1.14519.5.2.1.7695.1700.333094786994119311769294742473,C:\Users\ferra\Documents\breast_cancer_nac\data\raw\ISPY1\manifest-PyHQgfru6393647793776378748\ISPY1\ISPY1_1064\03-15-1986-250151-MR BREASTUNI UE-34410\5.000000-Dynamic-3dfgre-42473,Dynamic-3dfgre,180,True,T0,2009-09-03 00:00:00,60.11,1,0,0,0,0,3,TripleNeg,0,2,70,67,47,30,,,,,,,,,,,,,,,,,,,,,,,,,,,,,,,,,,,,,,,,,,,,,,,,,,,
1093,19860815,1.3.6.1.4.1.14519.5.2.1.7695.1700.163715697803563211120349810592,C:\Users\ferra\Documents\breast_cancer_nac\data\raw\ISPY1\manifest-PyHQgfru6393647793776378748\ISPY1\ISPY1_1093\08-15-1986-695540-MR BREAST UNI E-98108\3.000000-Dynamic-Unilateral 3dfgre-10592,Dynamic-Unilateral 3dfgre,180,True,T0,2009-09-03 00:00:00,55.46,1,0,0,0,1,2,HER2pos,0,2,,,,,0,,,,,,,,,,,,,,,,,,,,,,,,,,,,,,,,,,,,,,,,,,,,,,,,,,
1094,19860905,1.3.6.1.4.1.14519.5.2.1.7695.1700.337760373183231997217020633574,C:\Users\ferra\Documents\breast_cancer_nac\data\raw\ISPY1\manifest-PyHQgfru6393647793776378748\ISPY1\ISPY1_1094\09-05-1986-456572-MR BREASTUNI UE-68733\5.000000-Dynamic-Unilateral 3dfgre-33574,Dynamic-Unilateral 3dfgre,180,True,T0,2009-09-03 00:00:00,49.95,1,1,1,1,0,1,HRposHER2neg,0,2,91,,61,55,0,,,,,,,,,,,,,,,,,,,,,,,,,,,,,,,,,,,,,,,,,,,,,,,,,,
1157,19870522,1.3.6.1.4.1.14519.5.2.1.7695.1700.244449122403775217180477825193,C:\Users\ferra\Documents\breast_cancer_nac\data\raw\ISPY1\manifest-PyHQgfru6393647793776378748\ISPY1\ISPY1_1157\05-22-1987-197956-MR BREASTUNI UE-07545\5.000000-Dynamic-Unilateral 3dfgre-25193,Dynamic-Unilateral 3dfgre,180,True,T0,2009-09-03 00:00:00,41.39,1,0,0,0,1,2,HER2pos,0,2,61,63,33,33,0,,,,,,,,,,,,,,,,,,,,,,,,,,,,,,,,,,,,,,,,,,,,,,,,,,
1207,19871220,1.3.6.1.4.1.14519.5.2.1.7695.1700.139982700183193594298056693753,C:\Users\ferra\Documents\breast_cancer_nac\data\raw\ISPY1\manifest-PyHQgfru6393647793776378748\ISPY1\ISPY1_1207\12-20-1987-842874-MR BREASTUNI UE-91471\4.000000-Dynamic-Unilateral 3dfgre-93753,Dynamic-Unilateral 3dfgre,180,True,T0,2009-09-03 00:00:00,36.27,1,0,0,0,0,3,TripleNeg,0,2,32,22,26,0,1,,,,,,,,,,,,,,,,,,,,,,,,,,,,,,,,,,,,,,,,,,,,,,,,,,
1036,19850922,1.3.6.1.4.1.14519.5.2.1.7695.1700.158605260080456889561783546382,C:\Users\ferra\Documents\breast_cancer_nac\data\raw\ISPY1\manifest-PyHQgfru6393647793776378748\ISPY1\ISPY1_1036\09-22-1985-570317-MR BREAS UNIT-53965\4.000000-Dynamic-3dfgre-right-46382,Dynamic-3dfgre-right,180,True,T0,2009-09-03 00:00:00,38.27,1,0,0,0,1,2,HER2pos,0,2,101,100,,83,0,,,,,,,,,,,,,,,,,,,,,,,,,,,,,,,,,,,,,,,,,,,,,,,,,,
1012,19850330,1.3.6.1.4.1.14519.5.2.1.7695.1700.135796154808190999296545278795,C:\Users\ferra\Documents\breast_cancer_nac\data\raw\ISPY1\manifest-PyHQgfru6393647793776378748\ISPY1\ISPY1_1012\03-30-1985-378045-MR BREASTUNI UE-72508\3.000000-Dynamic-3dfgre-78795,Dynamic-3dfgre,180,True,T0,2009-09-03 00:00:00,53.78,3,1,1,1,0,1,HRposHER2neg,0,1,78,84,56,57,0,,,,,,,,,,,,,,,,,,,,,,,,,,,,,,,,,,,,,,,,,,,,,,,,,,
1015,19850419,1.3.6.1.4.1.14519.5.2.1.7695.1700.432501215825270156556802110142,C:\Users\ferra\Documents\breast_cancer_nac\data\raw\ISPY1\manifest-PyHQgfru6393647793776378748\ISPY1\ISPY1_1015\04-19-1985-154624-MR BREASTUNI UE-69350\4.000000-Dynamic-3dfgre-10142,Dynamic-3dfgre,180,True,T0,2009-09-03 00:00:00,42.16,1,1,0,1,1,2,HER2pos,0,1,79,50,11,3,1,,,,,,,,,,,,,,,,,,,,,,,,,,,,,,,,,,,,,,,,,,,,,,,,,,
1127,19861214,1.3.6.1.4.1.14519.5.2.1.7695.1700.458562467666921510692627415711,C:\Users\ferra\Documents\breast_cancer_nac\data\raw\ISPY1\manifest-PyHQgfru6393647793776378748\ISPY1\ISPY1_1127\12-14-1986-844307-MR BREASTUNI UE-60176\4.000000-Dynamic-Unilateral 3dfgre-15711,Dynamic-Unilateral 3dfgre,180,True,T0,2009-09-03 00:00:00,47.61,4,1,1,1,0,1,HRposHER2neg,0,2,53,62,52,36,0,,,,,,,,,,,,,,,,,,,,,,,,,,,,,,,,,,,,,,,,,,,,,,,,,,
1025,19850608,1.3.6.1.4.1.14519.5.2.1.7695.1700.154435595294612732140495384195,C:\Users\ferra\Documents\breast_cancer_nac\data\raw\ISPY1\manifest-PyHQgfru6393647793776378748\ISPY1\ISPY1_1025\06-08-1985-295826-LEFT BREAST-51544\4.000000-Dynamic-3dfgre-84195,Dynamic-3dfgre,180,True,T0,2009-09-03 00:00:00,52.35,1,1,1,1,0,1,HRposHER2neg,0,1,47,45,42,42,,,,,,,,,,,,,,,,,,,,,,,,,,,,,,,,,,,,,,,,,,,,,,,,,,,
1009,19850316,1.3.6.1.4.1.14519.5.2.1.7695.1700.471625799765630092122359693714,C:\Users\ferra\Documents\breast_cancer_nac\data\raw\ISPY1\manifest-PyHQgfru6393647793776378748\ISPY1\ISPY1_1009\03-16-1985-485859-MR BREASTUNI UE-34504\3.000000-Dynamic-3dfgre-93714,Dynamic-3dfgre,180,True,T0,2009-09-03 00:00:00,40.66,4,0,0,0,0,3,TripleNeg,0,1,75,66,57,7,0,,,,,,,,,,,,,,,,,,,,,,,,,,,,,,,,,,,,,,,,,,,,,,,,,,
1226,19880506,1.3.6.1.4.1.14519.5.2.1.7695.1700.203890400181744241941937769968,C:\Users\ferra\Documents\breast_cancer_nac\data\raw\ISPY1\manifest-PyHQgfru6393647793776378748\ISPY1\ISPY1_1226\05-06-1988-066055-MR BREAS UNIT-47791\3.000000-Dynamic-3dfgre-Phase160-69968,Dynamic-3dfgre-Phase=160,180,True,T0,2009-09-03 00:00:00,42.08,1,1,1,1,0,1,HRposHER2neg,0,1,49,43,41,28,0,,,,,,,,,,,,,,,,,,,,,,,,,,,,,,,,,,,,,,,,,,,,,,,,,,
1010,19850323,1.3.6.1.4.1.14519.5.2.1.7695.1700.628895020540790581692320486277,C:\Users\ferra\Documents\breast_cancer_nac\data\raw\ISPY1\manifest-PyHQgfru6393647793776378748\ISPY1\ISPY1_1010\03-23-1985-348930-MR BREASTUNI UE-71945\3.000000-Dynamic-3dfgre-86277,Dynamic-3dfgre,180,True,T0,2009-09-03 00:00:00,41.53,1,0,0,0,0,3,TripleNeg,0,1,60,52,20,3,1,,,,,,,,,,,,,,,,,,,,,,,,,,,,,,,,,,,,,,,,,,,,,,,,,,
1021,19850601,1.3.6.1.4.1.14519.5.2.1.7695.1700.310982276895610340293389092520,C:\Users\ferra\Documents\breast_cancer_nac\data\raw\ISPY1\manifest-PyHQgfru6393647793776378748\ISPY1\ISPY1_1021\06-01-1985-398188-MR BREASTUNI UE-10709\4.000000-Dynamic-3dfgre-92520,Dynamic-3dfgre,180,True,T0,2009-09-03 00:00:00,48.43,1,1,1,1,1,2,HER2pos,0,1,63,55,0,0,1,,,,,,,,,,,,,,,,,,,,,,,,,,,,,,,,,,,,,,,,,,,,,,,,,,
1137,19870211,1.3.6.1.4.1.14519.5.2.1.7695.1700.175496408919148272863742747365,C:\Users\ferra\Documents\breast_cancer_nac\data\raw\ISPY1\manifest-PyHQgfru6393647793776378748\ISPY1\ISPY1_1137\02-11-1987-203705-MR BREASTUNI UE-30262\3.000000-Dynamic-Unilateral 3dfgre-47365,Dynamic-Unilateral 3dfgre,180,True,T0,2009-09-03 00:00:00,29.38,1,1,1,1,1,2,HER2pos,0,2,92,90,34,25,0,,,,,,,,,,,,,,,,,,,,,,,,,,,,,,,,,,,,,,,,,,,,,,,,,,
1011,19850329,1.3.6.1.4.1.14519.5.2.1.7695.1700.723789670166802742696587106947,C:\Users\ferra\Documents\breast_cancer_nac\data\raw\ISPY1\manifest-PyHQgfru6393647793776378748\ISPY1\ISPY1_1011\03-29-1985-430227-MR BREASTUNI UE-45063\3.000000-Dynamic-3dfgre-06947,Dynamic-3dfgre,180,True,T0,2009-09-03 00:00:00,40.82,4,0,0,0,0,3,TripleNeg,0,2,68,68,56,47,1,,,,,,,,,,,,,,,,,,,,,,,,,,,,,,,,,,,,,,,,,,,,,,,,,,
1223,19880416,1.3.6.1.4.1.14519.5.2.1.7695.1700.100535423622667785050587735272,C:\Users\ferra\Documents\breast_cancer_nac\data\raw\ISPY1\manifest-PyHQgfru6393647793776378748\ISPY1\ISPY1_1223\04-16-1988-098087-Breast-Right-34328\3.000000-Dynamic-3dfgre-Phase160-35272,Dynamic-3dfgre-Phase=160,180,True,T0,2009-09-03 00:00:00,59.82,1,1,1,1,0,1,HRposHER2neg,0,2,27,20,15,14,0,,,,,,,,,,,,,,,,,,,,,,,,,,,,,,,,,,,,,,,,,,,,,,,,,,
1220,19880403,1.3.6.1.4.1.14519.5.2.1.7695.1700.249275959363333352528547322339,C:\Users\ferra\Documents\breast_cancer_nac\data\raw\ISPY1\manifest-PyHQgfru6393647793776378748\ISPY1\ISPY1_1220\04-03-1988-059214-MR BREAS UNIT-43278\6.000000-Dynamic-3dfgre-Phase160-22339,Dynamic-3dfgre-Phase=160,180,True,T0,2009-09-03 00:00:00,43.12,1,0,0,0,0,3,TripleNeg,0,2,79,72,17,0,1,,,,,,,,,,,,,,,,,,,,,,,,,,,,,,,,,,,,,,,,,,,,,,,,,,
1140,19870221,1.3.6.1.4.1.14519.5.2.1.7695.1700.991775669312071802696024032694,C:\Users\ferra\Documents\breast_cancer_nac\data\raw\ISPY1\manifest-PyHQgfru6393647793776378748\ISPY1\ISPY1_1140\02-21-1987-922884-MR BREASTUNI UE-10033\3.000000-Dynamic-Unilateral 3dfgre-32694,Dynamic-Unilateral 3dfgre,180,True,T0,2009-09-03 00:00:00,35.12,1,1,0,1,0,1,HRposHER2neg,0,1,118,37,,0,0,,,,,,,,,,,,,,,,,,,,,,,,,,,,,,,,,,,,,,,,,,,,,,,,,,
1017,19850510,1.3.6.1.4.1.14519.5.2.1.7695.1700.119509346714367604160637269490,C:\Users\ferra\Documents\breast_cancer_nac\data\raw\ISPY1\manifest-PyHQgfru6393647793776378748\ISPY1\ISPY1_1017\05-10-1985-802181-MR BREASTUNI UE-44501\5.000000-Dynamic-3dfgre-69490,Dynamic-3dfgre,180,True,T0,2009-09-03 00:00:00,68.31,1,0,0,0,0,3,TripleNeg,0,1,54,,27,16,0,,,,,,,,,,,,,,,,,,,,,,,,,,,,,,,,,,,,,,,,,,,,,,,,,,
1117,19861108,1.3.6.1.4.1.14519.5.2.1.7695.1700.128453896373525332522646767010,C:\Users\ferra\Documents\breast_cancer_nac\data\raw\ISPY1\manifest-PyHQgfru6393647793776378748\ISPY1\ISPY1_1117\11-08-1986-653726-MR BREASTUNI UE-19285\5.000000-Dynamic-Unilateral 3dfgre-67010,Dynamic-Unilateral 3dfgre,180,True,T0,2009-09-03 00:00:00,49.01,3,1,1,1,0,1,HRposHER2neg,0,2,68,65,38,20,0,,,,,,,,,,,,,,,,,,,,,,,,,,,,,,,,,,,,,,,,,,,,,,,,,,
1013,19850411,1.3.6.1.4.1.14519.5.2.1.7695.1700.131563990359220001515452333123,C:\Users\ferra\Documents\breast_cancer_nac\data\raw\ISPY1\manifest-PyHQgfru6393647793776378748\ISPY1\ISPY1_1013\04-11-1985-865084-RIGHT BREAST-55448\4.000000-Dynamic-3dfgre-33123,Dynamic-3dfgre,180,True,T0,2009-09-03 00:00:00,49.36,1,1,1,1,0,1,HRposHER2neg,0,2,71,70,8,5,0,,,,,,,,,,,,,,,,,,,,,,,,,,,,,,,,,,,,,,,,,,,,,,,,,,
1222,19880416,1.3.6.1.4.1.14519.5.2.1.7695.1700.928598444365934831877564094931,C:\Users\ferra\Documents\breast_cancer_nac\data\raw\ISPY1\manifest-PyHQgfru6393647793776378748\ISPY1\ISPY1_1222\04-16-1988-197516-MR BREAST UNI U-11292\3.000000-Dynamic-Unilateral 3dfgre-94931,Dynamic-Unilateral 3dfgre,180,True,T0,2009-09-03 00:00:00,55.52,1,0,0,0,1,2,HER2pos,0,1,56,61,67,0,0,,,,,,,,,,,,,,,,,,,,,,,,,,,,,,,,,,,,,,,,,,,,,,,,,,
1216,19880225,1.3.6.1.4.1.14519.5.2.1.7695.1700.805636408695529908803681530903,C:\Users\ferra\Documents\breast_cancer_nac\data\raw\ISPY1\manifest-PyHQgfru6393647793776378748\ISPY1\ISPY1_1216\02-25-1988-302637-MR BREAS UNIT-11467\4.000000-Dynamic-Unilateral 3dfgre-30903,Dynamic-Unilateral 3dfgre,180,True,T0,2009-09-03 00:00:00,34.43,1,0,0,0,0,3,TripleNeg,0,2,55,45,44,0,1,,,,,,,,,,,,,,,,,,,,,,,,,,,,,,,,,,,,,,,,,,,,,,,,,,
1214,19880218,1.3.6.1.4.1.14519.5.2.1.7695.1700.250079787545834883732359926047,C:\Users\ferra\Documents\breast_cancer_nac\data\raw\ISPY1\manifest-PyHQgfru6393647793776378748\ISPY1\ISPY1_1214\02-18-1988-554889-MR BREAST UNI U-69467\3.000000-Dynamic-3dfgre-Phase160-26047,Dynamic-3dfgre-Phase=160,180,True,T0,2009-09-03 00:00:00,47.02,3,1,1,1,1,2,HER2pos,0,2,84,47,42,38,1,,,,,,,,,,,,,,,,,,,,,,,,,,,,,,,,,,,,,,,,,,,,,,,,,,
1029,19850622,1.3.6.1.4.1.14519.5.2.1.7695.1700.775050283869524293688227111179,C:\Users\ferra\Documents\breast_cancer_nac\data\raw\ISPY1\manifest-PyHQgfru6393647793776378748\ISPY1\ISPY1_1029\06-22-1985-513406-MR BREASTUNI UE-05594\5.000000-Dynamic-3dfgre-11179,Dynamic-3dfgre,180,True,T0,2009-09-03 00:00:00,63.63,1,1,1,1,1,2,HER2pos,0,2,46,50,41,39,0,,,,,,,,,,,,,,,,,,,,,,,,,,,,,,,,,,,,,,,,,,,,,,,,,,
1031,19850713,1.3.6.1.4.1.14519.5.2.1.7695.1700.231126640163188755160774142186,C:\Users\ferra\Documents\breast_cancer_nac\data\raw\ISPY1\manifest-PyHQgfru6393647793776378748\ISPY1\ISPY1_1031\07-13-1985-178791-MR BREASTUNI UE-25229\3.000000-Dynamic-3dfgre-42186,Dynamic-3dfgre,180,True,T0,2009-09-03 00:00:00,54.16,1,1,0,1,0,1,HRposHER2neg,0,2,43,38,36,34,0,,,,,,,,,,,,,,,,,,,,,,,,,,,,,,,,,,,,,,,,,,,,,,,,,,
1132,19870116,1.3.6.1.4.1.14519.5.2.1.7695.1700.254409606668984222829147462155,C:\Users\ferra\Documents\breast_cancer_nac\data\raw\ISPY1\manifest-PyHQgfru6393647793776378748\ISPY1\ISPY1_1132\01-16-1987-964660-BREAST - LT-18811\4.000000-Dynamic-Unilateral 3dfgre-62155,Dynamic-Unilateral 3dfgre,180,True,T0,2009-09-03 00:00:00,51.42,1,1,1,1,0,1,HRposHER2neg,0,1,65,64,60,52,0,,,,,,,,,,,,,,,,,,,,,,,,,,,,,,,,,,,,,,,,,,,,,,,,,,
1239,19880701,1.3.6.1.4.1.14519.5.2.1.7695.1700.278225353778571398316907372943,C:\Users\ferra\Documents\breast_cancer_nac\data\raw\ISPY1\manifest-PyHQgfru6393647793776378748\ISPY1\ISPY1_1239\07-01-1988-855474-MR BREAS UNIT-83679\3.000000-Dynamic-3dfgre-Phase160-72943,Dynamic-3dfgre-Phase=160,180,True,T0,2009-09-03 00:00:00,48.57,4,1,1,1,0,1,HRposHER2neg,0,1,74,63,12,10,0,,,,,,,,,,,,,,,,,,,,,,,,,,,,,,,,,,,,,,,,,,,,,,,,,,
1211,19880207,1.3.6.1.4.1.14519.5.2.1.7695.1700.633480694317644830508622284553,C:\Users\ferra\Documents\breast_cancer_nac\data\raw\ISPY1\manifest-PyHQgfru6393647793776378748\ISPY1\ISPY1_1211\02-07-1988-471730-MRI BREAST BILAT PREPOMR-14710\5.000000-3d SPGR PREPOST - SPECIAL-84553,3d SPGR PRE/POST - SPECIAL,180,True,T0,2009-09-03 00:00:00,48.11,1,1,1,1,0,1,HRposHER2neg,0,2,57,54,45,0,0,,,,,,,,,,,,,,,,,,,,,,,,,,,,,,,,,,,,,,,,,,,,,,,,,,
1231,19880603,1.3.6.1.4.1.14519.5.2.1.7695.1700.163391302672196905677342610233,C:\Users\ferra\Documents\breast_cancer_nac\data\raw\ISPY1\manifest-PyHQgfru6393647793776378748\ISPY1\ISPY1_1231\06-03-1988-122030-MR BRST UNI E L-26450\3.000000-Dynamic-3dfgre-Phase160-10233,Dynamic-3dfgre-Phase=160,180,True,T0,2009-09-03 00:00:00,45.5,1,1,1,1,0,1,HRposHER2neg,0,1,81,,64,56,0,,,,,,,,,,,,,,,,,,,,,,,,,,,,,,,,,,,,,,,,,,,,,,,,,,
1229,19880527,1.3.6.1.4.1.14519.5.2.1.7695.1700.213386086392020893090130333671,C:\Users\ferra\Documents\breast_cancer_nac\data\raw\ISPY1\manifest-PyHQgfru6393647793776378748\ISPY1\ISPY1_1229\05-27-1988-479833-MR BREAST UNI E-84614\3.000000-Dynamic-3dfgre-Phase160-33671,Dynamic-3dfgre-Phase=160,180,True,T0,2009-09-03 00:00:00,50.79,1,0,0,0,0,3,TripleNeg,0,1,56,43,21,4,1,,,,,,,,,,,,,,,,,,,,,,,,,,,,,,,,,,,,,,,,,,,,,,,,,,
1001,19841013,1.3.6.1.4.1.14519.5.2.1.7695.1700.334491271566855314830260417024,C:\Users\ferra\Documents\breast_cancer_nac\data\raw\ISPY1\manifest-PyHQgfru6393647793776378748\ISPY1\ISPY1_1001\10-13-1984-011541-MR BREASTUNI UE-73116\4.000000-Dynamic-3dfgre-17024,Dynamic-3dfgre,180,True,T0,2009-09-03 00:00:00,38.73,1,1,0,1,0,1,HRposHER2neg,0,1,88,78,30,14,0,,,,,,,,,,,,,,,,,,,,,,,,,,,,,,,,,,,,,,,,,,,,,,,,,,
1002,19841102,1.3.6.1.4.1.14519.5.2.1.7695.1700.200978610610642152304681086604,C:\Users\ferra\Documents\breast_cancer_nac\data\raw\ISPY1\manifest-PyHQgfru6393647793776378748\ISPY1\ISPY1_1002\11-02-1984-868859-MR BREASTUNI UE-60097\3.000000-Dynamic-3dfgre-86604,Dynamic-3dfgre,180,True,T0,2009-09-03 00:00:00,37.79,1,1,1,1,0,1,HRposHER2neg,0,2,29,26,66,16,0,,,,,,,,,,,,,,,,,,,,,,,,,,,,,,,,,,,,,,,,,,,,,,,,,,
1135,19870129,1.3.6.1.4.1.14519.5.2.1.7695.1700.272174635739856529306376267065,C:\Users\ferra\Documents\breast_cancer_nac\data\raw\ISPY1\manifest-PyHQgfru6393647793776378748\ISPY1\ISPY1_1135\01-29-1987-901232-MR BREASTUNI UE-27267\4.000000-Dynamic-Unilateral 3dfgre-67065,Dynamic-Unilateral 3dfgre,180,True,T0,2009-09-03 00:00:00,58.89,1,0,0,0,0,3,TripleNeg,0,2,28,28,21,11,0,,,,,,,,,,,,,,,,,,,,,,,,,,,,,,,,,,,,,,,,,,,,,,,,,,
1030,19850720,1.3.6.1.4.1.14519.5.2.1.7695.1700.184128934071735308736690121805,C:\Users\ferra\Documents\breast_cancer_nac\data\raw\ISPY1\manifest-PyHQgfru6393647793776378748\ISPY1\ISPY1_1030\07-20-1985-470603-MR BREASTUNI UE-77148\4.000000-Dynamic-3dfgre-21805,Dynamic-3dfgre,180,True,T0,2009-09-03 00:00:00,52.46,4,0,0,0,1,2,HER2pos,0,2,49,47,42,41,1,,,,,,,,,,,,,,,,,,,,,,,,,,,,,,,,,,,,,,,,,,,,,,,,,,
1003,19841122,1.3.6.1.4.1.14519.5.2.1.7695.1700.217966338988546791542147267475,C:\Users\ferra\Documents\breast_cancer_nac\data\raw\ISPY1\manifest-PyHQgfru6393647793776378748\ISPY1\ISPY1_1003\11-22-1984-731668-MR BREASTUNI UE-35677\3.000000-Dynamic-3dfgre-67475,Dynamic-3dfgre,180,True,T0,2009-09-03 00:00:00,49.83,1,1,1,1,0,1,HRposHER2neg,0,1,50,64,54,46,0,,,,,,,,,,,,,,,,,,,,,,,,,,,,,,,,,,,,,,,,,,,,,,,,,,
1128,19861214,1.3.6.1.4.1.14519.5.2.1.7695.1700.153118239290774109071783184800,C:\Users\ferra\Documents\breast_cancer_nac\data\raw\ISPY1\manifest-PyHQgfru6393647793776378748\ISPY1\ISPY1_1128\12-14-1986-913156-MR BREASTUNI UE-21340\3.000000-Dynamic-Unilateral 3dfgre-84800,Dynamic-Unilateral 3dfgre,180,True,T0,2009-09-03 00:00:00,33.18,1,1,0,1,1,2,HER2pos,0,2,23,22,15,12,0,,,,,,,,,,,,,,,,,,,,,,,,,,,,,,,,,,,,,,,,,,,,,,,,,,
1227,19880508,1.3.6.1.4.1.14519.5.2.1.7695.1700.107691682556075690804177593207,C:\Users\ferra\Documents\breast_cancer_nac\data\raw\ISPY1\manifest-PyHQgfru6393647793776378748\ISPY1\ISPY1_1227\05-08-1988-935142-MR BREAST UNI U-10307\4.000000-Dynamic-3dfgre-Phase160-93207,Dynamic-3dfgre-Phase=160,180,True,T0,2009-09-03 00:00:00,42.46,1,0,0,0,0,3,TripleNeg,0,2,49,57,,0,1,,,,,,,,,,,,,,,,,,,,,,,,,,,,,,,,,,,,,,,,,,,,,,,,,,
1120,19861113,1.3.6.1.4.1.14519.5.2.1.7695.1700.203381768162694953741055330783,C:\Users\ferra\Documents\breast_cancer_nac\data\raw\ISPY1\manifest-PyHQgfru6393647793776378748\ISPY1\ISPY1_1120\11-13-1986-926547-MR BREASTUNI UE-77966\3.000000-Dynamic-Unilateral 3dfgre-30783,Dynamic-Unilateral 3dfgre,180,True,T0,2009-09-03 00:00:00,41.09,3,1,1,1,0,1,HRposHER2neg,0,2,74,48,39,,,,,,,,,,,,,,,,,,,,,,,,,,,,,,,,,,,,,,,,,,,,,,,,,,,,
1008,19850215,1.3.6.1.4.1.14519.5.2.1.7695.1700.794609689168154619959937569728,C:\Users\ferra\Documents\breast_cancer_nac\data\raw\ISPY1\manifest-PyHQgfru6393647793776378748\ISPY1\ISPY1_1008\02-15-1985-499687-MR BREAS UNIT-93965\4.000000-Dynamic-3dfgre   RIGHT BREAS-69728,Dynamic-3dfgre   RIGHT BREAS?,168,True,T0,2009-09-03 00:00:00,64.51,1,1,1,1,0,1,HRposHER2neg,1,2,45,49,47,32,0,,,,,,,,,,,,,,,,,,,,,,,,,,,,,,,,,,,,,,,,,,,,,,,,,,
1085,19860703,1.3.6.1.4.1.14519.5.2.1.7695.1700.232311410198584400255096323355,C:\Users\ferra\Documents\breast_cancer_nac\data\raw\ISPY1\manifest-PyHQgfru6393647793776378748\ISPY1\ISPY1_1085\07-03-1986-987142-BREASTROUTINE FOR MASS-95495\10.000000-PRE AND POST DYNAMIC FL3D-23355,PRE AND POST DYNAMIC FL3D,144,True,T0,2009-09-03 00:00:00,43.93,1,1,1,1,0,1,HRposHER2neg,0,1,90,63,25,29,0,,,,,,,,,,,,,,,,,,,,,,,,,,,,,,,,,,,,,,,,,,,,,,,,,,
1143,19870312,1.3.6.1.4.1.14519.5.2.1.7695.1700.252192631892500178716974160212,C:\Users\ferra\Documents\breast_cancer_nac\data\raw\ISPY1\manifest-PyHQgfru6393647793776378748\ISPY1\ISPY1_1143\03-12-1987-871424-BREASTROUTINE FOR MASS-96948\6.000000-PRE AND POST DYNAMIC FL3D-60212,PRE AND POST DYNAMIC FL3D,144,True,T0,2009-09-03 00:00:00,55.35,1,1,1,1,0,1,HRposHER2neg,0,2,92,89,77,,0,,,,,,,,,,,,,,,,,,,,,,,,,,,,,,,,,,,,,,,,,,,,,,,,,,
1213,19880206,1.3.6.1.4.1.14519.5.2.1.7695.1700.223543889666501048992998469047,C:\Users\ferra\Documents\breast_cancer_nac\data\raw\ISPY1\manifest-PyHQgfru6393647793776378748\ISPY1\ISPY1_1213\02-06-1988-392311-MR BREAST BILAT W OR WO SCCA-89916\6.000000-Ax Vibrant Post-69047,Ax Vibrant Post,140,True,T0,2009-09-03 00:00:00,38.05,4,1,1,1,1,2,HER2pos,0,1,37,34,31,0,0,,,,,,,,,,,,,,,,,,,,,,,,,,,,,,,,,,,,,,,,,,,,,,,,,,
1081,19860615,1.3.6.1.4.1.14519.5.2.1.7695.1700.222573687559291819698544316089,C:\Users\ferra\Documents\breast_cancer_nac\data\raw\ISPY1\manifest-PyHQgfru6393647793776378748\ISPY1\ISPY1_1081\06-15-1986-987142-BREASTROUTINE FOR MASS-22430\8.000000-PRE AND POST DYNAMIC FL3D-16089,PRE AND POST DYNAMIC FL3D,128,True,T0,2009-09-03 00:00:00,64.09,50,0,1,1,0,1,HRposHER2neg,0,2,56,47,,38,0,,,,,,,,,,,,,,,,,,,,,,,,,,,,,,,,,,,,,,,,,,,,,,,,,,
1092,19860810,1.3.6.1.4.1.14519.5.2.1.7695.1700.313220206834513926525922722697,C:\Users\ferra\Documents\breast_cancer_nac\data\raw\ISPY1\manifest-PyHQgfru6393647793776378748\ISPY1\ISPY1_1092\08-10-1986-729917-MR BREASTUNI UE-75731\3.000000-Dynamic-Unilateral 3dfgre-22697,Dynamic-Unilateral 3dfgre,120,True,T0,2009-09-03 00:00:00,44.13,1,1,1,1,0,1,HRposHER2neg,0,2,82,88,43,0,0,,,,,,,,,,,,,,,,,,,,,,,,,,,,,,,,,,,,,,,,,,,,,,,,,,
1111,19861031,1.3.6.1.4.1.14519.5.2.1.7695.1700.346684466235345693452235135424,C:\Users\ferra\Documents\breast_cancer_nac\data\raw\ISPY1\manifest-PyHQgfru6393647793776378748\ISPY1\ISPY1_1111\10-31-1986-581902-MR BREAST BILAT WWO C-42607\10.000000-Axial T1 right breast post-35424,Axial T1 right breast post,96,True,T0,2009-09-03 00:00:00,50.59,1,1,1,1,0,1,HRposHER2neg,0,2,78,79,77,78,0,,,,,,,,,,,,,,,,,,,,,,,,,,,,,,,,,,,,,,,,,,,,,,,,,,
1206,19880114,1.3.6.1.4.1.14519.5.2.1.7695.1700.897626035782303948989991168264,C:\Users\ferra\Documents\breast_cancer_nac\data\raw\ISPY1\manifest-PyHQgfru6393647793776378748\ISPY1\ISPY1_1206\01-14-1988-471730-MR BREAST BILAT-28233\12.000000-T1 Axial post-68264,T1 Axial post,96,True,T0,2009-09-03 00:00:00,43.03,1,1,1,1,0,1,HRposHER2neg,0,2,78,78,35,26,0,,,,,,,,,,,,,,,,,,,,,,,,,,,,,,,,,,,,,,,,,,,,,,,,,,
1170,19870827,1.3.6.1.4.1.14519.5.2.1.7695.1700.185145476306891106621908355713,C:\Users\ferra\Documents\breast_cancer_nac\data\raw\ISPY1\manifest-PyHQgfru6393647793776378748\ISPY1\ISPY1_1170\08-27-1987-808215-MR BREAST UNILAT-87643\6.000000-T1 left breast post axial-55713,T1 left breast post axial,88,True,T0,2009-09-03 00:00:00,44.35,1,1,1,1,0,1,HRposHER2neg,0,1,50,60,83,75,0,,,,,,,,,,,,,,,,,,,,,,,,,,,,,,,,,,,,,,,,,,,,,,,,,,
1173,19870907,1.3.6.1.4.1.14519.5.2.1.7695.1700.519144933778226662450188914117,C:\Users\ferra\Documents\breast_cancer_nac\data\raw\ISPY1\manifest-PyHQgfru6393647793776378748\ISPY1\ISPY1_1173\09-07-1987-695845-MR BREAST UNILAT-10367\7.000000-Axial T1 left breast post-14117,Axial T1 left breast post,86,True,T0,2009-09-03 00:00:00,43.96,3,,,,,,,0,1,21,,0,0,0,,,,,,,,,,,,,,,,,,,,,,,,,,,,,,,,,,,,,,,,,,,,,,,,,,
1091,19860821,1.3.6.1.4.1.14519.5.2.1.7695.1700.215416388857287409157252768267,C:\Users\ferra\Documents\breast_cancer_nac\data\raw\ISPY1\manifest-PyHQgfru6393647793776378748\ISPY1\ISPY1_1091\08-21-1986-847481-MR BREAST BILAT WWO C-79820\8.000000-T1 left breast post axial-68267,T1 left breast post axial,86,True,T0,2009-09-03 00:00:00,54.64,4,0,0,0,1,2,HER2pos,0,1,70,62,54,53,0,,,,,,,,,,,,,,,,,,,,,,,,,,,,,,,,,,,,,,,,,,,,,,,,,,
1048,19851226,1.3.6.1.4.1.14519.5.2.1.7695.1700.299297212349852008638802545188,C:\Users\ferra\Documents\breast_cancer_nac\data\raw\ISPY1\manifest-PyHQgfru6393647793776378748\ISPY1\ISPY1_1048\12-26-1985-367460-MRI BR BILAT WWO CONTRAST-31103\8.000000-T1 Axial breast post-45188,T1 Axial breast post,86,True,T0,2009-09-03 00:00:00,52.32,1,1,1,1,0,1,HRposHER2neg,0,2,120,91,85,45,0,,,,,,,,,,,,,,,,,,,,,,,,,,,,,,,,,,,,,,,,,,,,,,,,,,
1095,19860912,1.3.6.1.4.1.14519.5.2.1.7695.1700.318316787519766754777156931046,C:\Users\ferra\Documents\breast_cancer_nac\data\raw\ISPY1\manifest-PyHQgfru6393647793776378748\ISPY1\ISPY1_1095\09-12-1986-773455-MR BREAST BILAT WWO C-45386\9.000000-Axial T1 left breast post-31046,Axial T1 left breast post,84,True,T0,2009-09-03 00:00:00,43.57,1,1,1,1,0,1,HRposHER2neg,0,2,76,67,56,54,0,,,,,,,,,,,,,,,,,,,,,,,,,,,,,,,,,,,,,,,,,,,,,,,,,,
1055,19860131,1.3.6.1.4.1.14519.5.2.1.7695.1700.567296777568237886725349473974,C:\Users\ferra\Documents\breast_cancer_nac\data\raw\ISPY1\manifest-PyHQgfru6393647793776378748\ISPY1\ISPY1_1055\01-31-1986-968264-MRI BR BILAT WWO CONTRAST-39294\11.000000-Axial T1 left breast post-73974,Axial T1 left breast post,82,True,T0,2009-09-03 00:00:00,52.82,1,1,1,1,0,1,HRposHER2neg,0,2,50,50,50,37,0,,,,,,,,,,,,,,,,,,,,,,,,,,,,,,,,,,,,,,,,,,,,,,,,,,
1110,19861026,1.3.6.1.4.1.14519.5.2.1.7695.1700.149775589489815650218752746228,C:\Users\ferra\Documents\breast_cancer_nac\data\raw\ISPY1\manifest-PyHQgfru6393647793776378748\ISPY1\ISPY1_1110\10-26-1986-944922-MR BREAST BILAT WWO C-64508\8.000000-Axial T1 left breast post-46228,Axial T1 left breast post,80,True,T0,2009-09-03 00:00:00,56.94,1,1,1,1,0,1,HRposHER2neg,0,2,36,36,21,13,0,,,,,,,,,,,,,,,,,,,,,,,,,,,,,,,,,,,,,,,,,,,,,,,,,,
1129,19861225,1.3.6.1.4.1.14519.5.2.1.7695.1700.268746837979699734666590854370,C:\Users\ferra\Documents\breast_cancer_nac\data\raw\ISPY1\manifest-PyHQgfru6393647793776378748\ISPY1\ISPY1_1129\12-25-1986-107260-MR BREAST BILAT WWO C-74036\13.000000-Axial T1 left breast post-54370,Axial T1 left breast post,76,True,T0,2009-09-03 00:00:00,52.45,3,0,0,0,1,2,HER2pos,0,1,80,60,50,0,1,,,,,,,,,,,,,,,,,,,,,,,,,,,,,,,,,,,,,,,,,,,,,,,,,,
1063,19860310,1.3.6.1.4.1.14519.5.2.1.7695.1700.240969306670930770411746226659,C:\Users\ferra\Documents\breast_cancer_nac\data\raw\ISPY1\manifest-PyHQgfru6393647793776378748\ISPY1\ISPY1_1063\03-10-1986-309570-MRI BR BILAT WWO CONTRAST-26981\6.000000-T1 left breast post-26659,T1 left breast post,66,True,T0,2009-09-03 00:00:00,52.17,1,1,0,1,1,2,HER2pos,0,2,100,86,60,82,0,,,,,,,,,,,,,,,,,,,,,,,,,,,,,,,,,,,,,,,,,,,,,,,,,,
1155,19870523,1.3.6.1.4.1.14519.5.2.1.7695.1700.201793728895764480016242335862,C:\Users\ferra\Documents\breast_cancer_nac\data\raw\ISPY1\manifest-PyHQgfru6393647793776378748\ISPY1\ISPY1_1155\05-23-1987-987142-HUP5 PROTOCOLSBREAST-79503\10.000000-post needleL-35862,post needle_L,64,True,T0,2009-09-03 00:00:00,42.65,1,0,0,0,0,3,TripleNeg,0,1,87,71,79,61,1,,,,,,,,,,,,,,,,,,,,,,,,,,,,,,,,,,,,,,,,,,,,,,,,,,
1181,19871031,1.3.6.1.4.1.14519.5.2.1.7695.1700.179502969913923730823935590942,C:\Users\ferra\Documents\breast_cancer_nac\data\raw\ISPY1\manifest-PyHQgfru6393647793776378748\ISPY1\ISPY1_1181\10-31-1987-987142-HUP5 PROTOCOLSBREAST-99564\9.000000-post needleR-90942,post needle_R,64,True,T0,2009-09-03 00:00:00,34.71,1,1,1,1,0,1,HRposHER2neg,0,2,114,118,77,76,0,,,,,,,,,,,,,,,,,,,,,,,,,,,,,,,,,,,,,,,,,,,,,,,,,,
1057,19860202,1.3.6.1.4.1.14519.5.2.1.7695.1700.442856711682819863281022794889,C:\Users\ferra\Documents\breast_cancer_nac\data\raw\ISPY1\manifest-PyHQgfru6393647793776378748\ISPY1\ISPY1_1057\02-02-1986-987142-HUP5 PROTOCOLSBREAST-04497\6.000000-post needleR-94889,post needle_R,64,True,T0,2009-09-03 00:00:00,44.24,1,0,0,0,0,3,TripleNeg,0,2,105,101,87,0,0,,,,,,,,,,,,,,,,,,,,,,,,,,,,,,,,,,,,,,,,,,,,,,,,,,
1139,19870215,1.3.6.1.4.1.14519.5.2.1.7695.1700.306145555652562281875786569767,C:\Users\ferra\Documents\breast_cancer_nac\data\raw\ISPY1\manifest-PyHQgfru6393647793776378748\ISPY1\ISPY1_1139\02-15-1987-987142-HUP5 PROTOCOLSBREAST-49998\8.000000-post needleR-69767,post needle_R,64,True,T0,2009-09-03 00:00:00,46.26,1,0,0,0,0,3,TripleNeg,0,2,113,113,6,0,1,,,,,,,,,,,,,,,,,,,,,,,,,,,,,,,,,,,,,,,,,,,,,,,,,,
1225,19880425,1.3.6.1.4.1.14519.5.2.1.7695.1700.124245664508524682023438905055,C:\Users\ferra\Documents\breast_cancer_nac\data\raw\ISPY1\manifest-PyHQgfru6393647793776378748\ISPY1\ISPY1_1225\04-25-1988-290214-HUP5 PROTOCOLSBREAST-02466\8.000000-post needleR-05055,post needle_R,64,True,T0,2009-09-03 00:00:00,47.84,1,1,1,1,0,1,HRposHER2neg,0,2,89,86,22,12,0,,,,,,,,,,,,,,,,,,,,,,,,,,,,,,,,,,,,,,,,,,,,,,,,,,
1159,19870531,1.3.6.1.4.1.14519.5.2.1.7695.1700.255619934037861763434989007350,C:\Users\ferra\Documents\breast_cancer_nac\data\raw\ISPY1\manifest-PyHQgfru6393647793776378748\ISPY1\ISPY1_1159\05-31-1987-987142-HUP5 PROTOCOLSBREAST-46072\8.000000-post needleR-07350,post needle_R,64,True,T0,2009-09-03 00:00:00,55.95,3,,,,,,,0,2,65,54,54,54,0,,,,,,,,,,,,,,,,,,,,,,,,,,,,,,,,,,,,,,,,,,,,,,,,,,
1221,19880416,1.3.6.1.4.1.14519.5.2.1.7695.1700.120019410384623685858393630269,C:\Users\ferra\Documents\breast_cancer_nac\data\raw\ISPY1\manifest-PyHQgfru6393647793776378748\ISPY1\ISPY1_1221\04-16-1988-120089-HUP5 PROTOCOLSBREAST-90729\9.000000-post needleL-30269,post needle_L,64,True,T0,2009-09-03 00:00:00,52.54,1,1,0,1,1,2,HER2pos,0,1,117,100,114,114,0,,,,,,,,,,,,,,,,,,,,,,,,,,,,,,,,,,,,,,,,,,,,,,,,,,
1151,19870515,1.3.6.1.4.1.14519.5.2.1.7695.1700.197366094129441738605667454282,C:\Users\ferra\Documents\breast_cancer_nac\data\raw\ISPY1\manifest-PyHQgfru6393647793776378748\ISPY1\ISPY1_1151\05-15-1987-987142-HUP5 PROTOCOLSBREAST-65138\8.000000-post needleR-54282,post needle_R,64,True,T0,2009-09-03 00:00:00,50.15,3,1,0,1,1,2,HER2pos,1,2,165,156,113,37,0,,,,,,,,,,,,,,,,,,,,,,,,,,,,,,,,,,,,,,,,,,,,,,,,,,
1193,19871205,1.3.6.1.4.1.14519.5.2.1.7695.1700.151057118581779681705558534445,C:\Users\ferra\Documents\breast_cancer_nac\data\raw\ISPY1\manifest-PyHQgfru6393647793776378748\ISPY1\ISPY1_1193\12-05-1987-293523-HUP5 PROTOCOLSBREAST-45258\8.000000-post needleL-34445,post needle_L,64,True,T0,2009-09-03 00:00:00,59.6,1,1,1,1,0,1,HRposHER2neg,0,1,37,38,28,29,0,,,,,,,,,,,,,,,,,,,,,,,,,,,,,,,,,,,,,,,,,,,,,,,,,,
1175,19870917,1.3.6.1.4.1.14519.5.2.1.7695.1700.219365656495786853573232663023,C:\Users\ferra\Documents\breast_cancer_nac\data\raw\ISPY1\manifest-PyHQgfru6393647793776378748\ISPY1\ISPY1_1175\09-17-1987-987142-HUP5 PROTOCOLSBREAST-71307\9.000000-post needleR-63023,post needle_R,64,True,T0,2009-09-03 00:00:00,64.33,1,1,1,1,0,1,HRposHER2neg,0,2,68,65,60,56,0,,,,,,,,,,,,,,,,,,,,,,,,,,,,,,,,,,,,,,,,,,,,,,,,,,
1150,19870514,1.3.6.1.4.1.14519.5.2.1.7695.1700.309064572292024879912645260713,C:\Users\ferra\Documents\breast_cancer_nac\data\raw\ISPY1\manifest-PyHQgfru6393647793776378748\ISPY1\ISPY1_1150\05-14-1987-987142-HUP5 PROTOCOLSBREAST-83407\8.000000-post needleR-60713,post needle_R,64,True,T0,2009-09-03 00:00:00,51.49,1,1,1,1,0,1,HRposHER2neg,0,2,76,74,63,61,0,,,,,,,,,,,,,,,,,,,,,,,,,,,,,,,,,,,,,,,,,,,,,,,,,,
1164,19870612,1.3.6.1.4.1.14519.5.2.1.7695.1700.339363532118601055182204671246,C:\Users\ferra\Documents\breast_cancer_nac\data\raw\ISPY1\manifest-PyHQgfru6393647793776378748\ISPY1\ISPY1_1164\06-12-1987-987142-HUP5 PROTOCOLSBREAST-34316\8.000000-post needleL-71246,post needle_L,64,True,T0,2009-09-03 00:00:00,60.11,1,1,1,1,0,1,HRposHER2neg,0,1,35,31,31,10,0,,,,,,,,,,,,,,,,,,,,,,,,,,,,,,,,,,,,,,,,,,,,,,,,,,
1074,19860517,1.3.6.1.4.1.14519.5.2.1.7695.1700.132084013525897301063367316265,C:\Users\ferra\Documents\breast_cancer_nac\data\raw\ISPY1\manifest-PyHQgfru6393647793776378748\ISPY1\ISPY1_1074\05-17-1986-987142-HUP5 PROTOCOLSBREAST-47951\6.000000-post needleR-16265,post needle_R,64,True,T0,2009-09-03 00:00:00,36.51,1,1,0,1,0,1,HRposHER2neg,0,2,153,139,114,5,0,,,,,,,,,,,,,,,,,,,,,,,,,,,,,,,,,,,,,,,,,,,,,,,,,,
1149,19870510,1.3.6.1.4.1.14519.5.2.1.7695.1700.107019351706042282338171838158,C:\Users\ferra\Documents\breast_cancer_nac\data\raw\ISPY1\manifest-PyHQgfru6393647793776378748\ISPY1\ISPY1_1149\05-10-1987-987142-HUP5 PROTOCOLSBREAST-39190\8.000000-post needleL-38158,post needle_L,64,True,T0,2009-09-03 00:00:00,59.18,1,0,0,0,0,3,TripleNeg,0,1,95,45,58,22,0,,,,,,,,,,,,,,,,,,,,,,,,,,,,,,,,,,,,,,,,,,,,,,,,,,
1219,19880508,1.3.6.1.4.1.14519.5.2.1.7695.1700.148784266855040208894277187963,C:\Users\ferra\Documents\breast_cancer_nac\data\raw\ISPY1\manifest-PyHQgfru6393647793776378748\ISPY1\ISPY1_1219\05-08-1988-136369-HUP5 PROTOCOLSBREAST-81909\10.000000-post needleL-87963,post needle_L,64,True,T0,2009-09-03 00:00:00,45.98,1,1,1,1,0,1,HRposHER2neg,0,1,53,49,40,,0,,,,,,,,,,,,,,,,,,,,,,,,,,,,,,,,,,,,,,,,,,,,,,,,,,
1199,19871230,1.3.6.1.4.1.14519.5.2.1.7695.1700.189705382256957802829097739483,C:\Users\ferra\Documents\breast_cancer_nac\data\raw\ISPY1\manifest-PyHQgfru6393647793776378748\ISPY1\ISPY1_1199\12-30-1987-228905-HUP5 PROTOCOLSBREAST-50260\9.000000-post needleR-39483,post needle_R,64,True,T0,2009-09-03 00:00:00,37.68,1,0,0,0,0,3,TripleNeg,0,2,78,70,65,65,0,,,,,,,,,,,,,,,,,,,,,,,,,,,,,,,,,,,,,,,,,,,,,,,,,,
1200,19880101,1.3.6.1.4.1.14519.5.2.1.7695.1700.237491923310090989943201163402,C:\Users\ferra\Documents\breast_cancer_nac\data\raw\ISPY1\manifest-PyHQgfru6393647793776378748\ISPY1\ISPY1_1200\01-01-1988-923083-HUP5 PROTOCOLSBREAST-91699\10.000000-post needleR-63402,post needle_R,64,True,T0,2009-09-03 00:00:00,43.79,1,1,1,1,0,1,HRposHER2neg,0,2,53,60,62,17,0,,,,,,,,,,,,,,,,,,,,,,,,,,,,,,,,,,,,,,,,,,,,,,,,,,
1203,19880107,1.3.6.1.4.1.14519.5.2.1.7695.1700.235354661155157110983191105698,C:\Users\ferra\Documents\breast_cancer_nac\data\raw\ISPY1\manifest-PyHQgfru6393647793776378748\ISPY1\ISPY1_1203\01-07-1988-751158-HUP5 PROTOCOLSBREAST-33337\9.000000-post needleR-05698,post needle_R,64,True,T0,2009-09-03 00:00:00,42.34,1,1,1,1,0,1,HRposHER2neg,0,2,105,99,82,87,0,,,,,,,,,,,,,,,,,,,,,,,,,,,,,,,,,,,,,,,,,,,,,,,,,,
1210,19880210,1.3.6.1.4.1.14519.5.2.1.7695.1700.225366393266023386982476475457,C:\Users\ferra\Documents\breast_cancer_nac\data\raw\ISPY1\manifest-PyHQgfru6393647793776378748\ISPY1\ISPY1_1210\02-10-1988-692727-HUP5 PROTOCOLSBREAST-87049\8.000000-post needleR-75457,post needle_R,64,True,T0,2009-09-03 00:00:00,40.58,1,1,1,1,0,1,HRposHER2neg,0,2,83,66,37,10,0,,,,,,,,,,,,,,,,,,,,,,,,,,,,,,,,,,,,,,,,,,,,,,,,,,
1232,19880605,1.3.6.1.4.1.14519.5.2.1.7695.1700.219017793729632060853636429988,C:\Users\ferra\Documents\breast_cancer_nac\data\raw\ISPY1\manifest-PyHQgfru6393647793776378748\ISPY1\ISPY1_1232\06-05-1988-573248-HUP5 PROTOCOLSBREAST-88900\9.000000-post needleL-29988,post needle_L,64,True,T0,2009-09-03 00:00:00,49.97,1,1,1,1,0,1,HRposHER2neg,0,1,89,76,48,24,0,,,,,,,,,,,,,,,,,,,,,,,,,,,,,,,,,,,,,,,,,,,,,,,,,,
1238,19880620,1.3.6.1.4.1.14519.5.2.1.7695.1700.290844853173802651175101313127,C:\Users\ferra\Documents\breast_cancer_nac\data\raw\ISPY1\manifest-PyHQgfru6393647793776378748\ISPY1\ISPY1_1238\06-20-1988-085287-HUP5 PROTOCOLSBREAST-79072\8.000000-post needleR-13127,post needle_R,64,True,T0,2009-09-03 00:00:00,59.05,3,1,1,1,1,2,HER2pos,0,2,48,,,,0,,,,,,,,,,,,,,,,,,,,,,,,,,,,,,,,,,,,,,,,,,,,,,,,,,
1208,19880123,1.3.6.1.4.1.14519.5.2.1.7695.1700.129604314268003831955853784843,C:\Users\ferra\Documents\breast_cancer_nac\data\raw\ISPY1\manifest-PyHQgfru6393647793776378748\ISPY1\ISPY1_1208\01-23-1988-237399-HUP5 PROTOCOLSBREAST-70458\9.000000-post needleR-84843,post needle_R,64,True,T0,2009-09-03 00:00:00,42.07,1,0,0,0,0,3,TripleNeg,0,2,166,119,,0,1,,,,,,,,,,,,,,,,,,,,,,,,,,,,,,,,,,,,,,,,,,,,,,,,,,
1162,19870628,1.3.6.1.4.1.14519.5.2.1.7695.1700.116216619403582411558118924995,C:\Users\ferra\Documents\breast_cancer_nac\data\raw\ISPY1\manifest-PyHQgfru6393647793776378748\ISPY1\ISPY1_1162\06-28-1987-987142-HUP5 PROTOCOLSBREAST-73176\8.000000-post needleL-24995,post needle_L,64,True,T0,2009-09-03 00:00:00,56.44,3,0,0,0,1,2,HER2pos,0,1,101,86,69,15,0,,,,,,,,,,,,,,,,,,,,,,,,,,,,,,,,,,,,,,,,,,,,,,,,,,
1035,19850914,1.3.6.1.4.1.14519.5.2.1.7695.1700.263374338605682985890830893051,C:\Users\ferra\Documents\breast_cancer_nac\data\raw\ISPY1\manifest-PyHQgfru6393647793776378748\ISPY1\ISPY1_1035\09-14-1985-809821-MRI BR UNILAT WWO CONT RIGHT-29985\4.000000-T1 right breast post-93051,T1 right breast post,60,True,T0,2009-09-03 00:00:00,40.82,1,1,1,1,1,2,HER2pos,0,2,100,90,60,41,,,,,,,,,,,,,,,,,,,,,,,,,,,,,,,,,,,,,,,,,,,,,,,,,,,
1086,19860727,1.3.6.1.4.1.14519.5.2.1.7695.1700.160845668176182476286349174452,C:\Users\ferra\Documents\breast_cancer_nac\data\raw\ISPY1\manifest-PyHQgfru6393647793776378748\ISPY1\ISPY1_1086\07-27-1986-452108-MR BREAST BILAT WWO C-74161\10.000000-T1 left breast post axial-74452,T1 left breast post axial,60,True,T0,2009-09-03 00:00:00,41.51,3,1,1,1,1,2,HER2pos,0,1,69,66,37,25,0,,,,,,,,,,,,,,,,,,,,,,,,,,,,,,,,,,,,,,,,,,,,,,,,,,
1084,19860624,1.3.6.1.4.1.14519.5.2.1.7695.1700.142407914525573171502480312169,C:\Users\ferra\Documents\breast_cancer_nac\data\raw\ISPY1\manifest-PyHQgfru6393647793776378748\ISPY1\ISPY1_1084\06-24-1986-073592-MR BREAST BILAT WWO C-41243\105.000000-DCE POST Right-12169,DCE POST Right,54,True,T0,2009-09-03 00:00:00,34.53,1,1,0,1,1,2,HER2pos,0,1,111,120,31,24,0,,,,,,,,,,,,,,,,,,,,,,,,,,,,,,,,,,,,,,,,,,,,,,,,,,
1141,19870208,1.3.6.1.4.1.14519.5.2.1.7695.1700.710105455049332053154030828378,C:\Users\ferra\Documents\breast_cancer_nac\data\raw\ISPY1\manifest-PyHQgfru6393647793776378748\ISPY1\ISPY1_1141\02-08-1987-437446-MR BREAST BILAT WWO C-23804\110.000000-DCE POST Left-28378,DCE POST Left,54,True,T0,2009-09-03 00:00:00,49.15,3,0,0,0,1,2,HER2pos,0,2,90,81,67,47,0,,,,,,,,,,,,,,,,,,,,,,,,,,,,,,,,,,,,,,,,,,,,,,,,,,
1187,19871119,1.3.6.1.4.1.14519.5.2.1.7695.1700.213878956011836645789583418149,C:\Users\ferra\Documents\breast_cancer_nac\data\raw\ISPY1\manifest-PyHQgfru6393647793776378748\ISPY1\ISPY1_1187\11-19-1987-987142-BREAST WO followed by W CONTRAST UNILAT-40082\12.000000-T1FS SAG POST IMMED LEFT-18149,T1FS SAG POST IMMED LEFT,54,True,T0,2009-09-03 00:00:00,47.06,3,0,0,0,0,3,TripleNeg,0,1,70,59,68,40,0,,,,,,,,,,,,,,,,,,,,,,,,,,,,,,,,,,,,,,,,,,,,,,,,,,
1180,19870928,1.3.6.1.4.1.14519.5.2.1.7695.1700.121150397724627491287620596254,C:\Users\ferra\Documents\breast_cancer_nac\data\raw\ISPY1\manifest-PyHQgfru6393647793776378748\ISPY1\ISPY1_1180\09-28-1987-995550-MR BREAST BILAT-23108\102.000000-DCE PRE Left-96254,DCE PRE Left,52,True,T0,2009-09-03 00:00:00,31.45,1,1,1,1,0,1,HRposHER2neg,0,1,47,16,40,4,0,,,,,,,,,,,,,,,,,,,,,,,,,,,,,,,,,,,,,,,,,,,,,,,,,,
1045,19851125,1.3.6.1.4.1.14519.5.2.1.7695.1700.299009369672458925645773394109,C:\Users\ferra\Documents\breast_cancer_nac\data\raw\ISPY1\manifest-PyHQgfru6393647793776378748\ISPY1\ISPY1_1045\11-25-1985-154976-MRI BR BILAT WWO CONTRAST-92762\10.000000-T1 left breast post delay-94109,T1 left breast post delay,46,True,T0,2009-09-03 00:00:00,49.58,3,0,0,0,0,3,TripleNeg,0,1,120,42,96,30,1,,,,,,,,,,,,,,,,,,,,,,,,,,,,,,,,,,,,,,,,,,,,,,,,,,
1043,19851120,1.3.6.1.4.1.14519.5.2.1.7695.1700.160056572628315924433576045177,C:\Users\ferra\Documents\breast_cancer_nac\data\raw\ISPY1\manifest-PyHQgfru6393647793776378748\ISPY1\ISPY1_1043\11-20-1985-987142-HUP5 PROTOCOLSBREAST-65972\5.000000-sagfatsat post needle-45177,sag_fatsat (post needle),19,True,T0,2009-09-03 00:00:00,38.88,1,0,1,1,1,2,HER2pos,0,2,138,146,141,39,0,,,,,,,,,,,,,,,,,,,,,,,,,,,,,,,,,,,,,,,,,,,,,,,,,,
