model,fold,auc_roc,auc_pr,f1,sensitivity,specificity,mcc,brier,threshold,n_train,n_test,n_pos_train,n_neg_train
logistic,0,0.782313,0.689351,0.666667,0.857143,0.761905,0.548860,0.245499,0.680000,110,28,28,82
logistic,1,0.780556,0.706950,0.692308,0.900000,0.611111,0.494881,0.193334,0.180000,110,28,25,85
logistic,2,0.730435,0.487121,0.470588,0.800000,0.652174,0.349948,0.169083,0.240000,110,28,30,80
logistic,3,0.547619,0.298456,0.421053,0.666667,0.571429,0.198107,0.248587,0.270000,111,27,29,82
logistic,4,0.585714,0.432029,0.526316,0.714286,0.650000,0.321270,0.285026,0.480000,111,27,28,83
svm,0,0.748299,0.450680,0.666667,0.714286,0.857143,0.547723,0.204918,0.580000,110,28,28,82
svm,1,0.686111,0.474836,0.692308,0.900000,0.611111,0.494881,0.239991,0.140000,110,28,25,85
svm,2,0.582609,0.396285,0.400000,0.600000,0.695652,0.236316,0.168132,0.240000,110,28,30,80
svm,3,0.682540,0.337212,0.500000,1.000000,0.428571,0.377964,0.209572,0.160000,111,27,29,82
svm,4,0.557143,0.325074,0.500000,0.571429,0.750000,0.298807,0.271463,0.660000,111,27,28,83
random_forest,0,0.721088,0.397983,0.625000,0.714286,0.809524,0.485662,0.215844,0.590000,110,28,28,82
random_forest,1,0.786111,0.717098,0.727273,0.800000,0.777778,0.559431,0.190262,0.520000,110,28,25,85
random_forest,2,0.721739,0.521538,0.600000,0.600000,0.913043,0.513043,0.153082,0.520000,110,28,30,80
random_forest,3,0.801587,0.468615,0.600000,1.000000,0.619048,0.515079,0.170676,0.300000,111,27,29,82
random_forest,4,0.607143,0.353257,0.521739,0.857143,0.500000,0.318529,0.231348,0.400000,111,27,28,83
xgboost,0,0.673469,0.404376,0.521739,0.857143,0.523810,0.333333,0.279701,0.220000,110,28,28,82
xgboost,1,0.669444,0.472707,0.642857,0.900000,0.500000,0.400000,0.257230,0.200000,110,28,25,85
xgboost,2,0.617391,0.397680,0.363636,0.800000,0.434783,0.184117,0.230222,0.130000,110,28,30,80
xgboost,3,0.452381,0.229630,0.315789,0.500000,0.523810,0.019811,0.264786,0.130000,111,27,29,82
xgboost,4,0.550000,0.311030,0.500000,0.714286,0.600000,0.275647,0.291495,0.290000,111,27,28,83
lightgbm,0,0.710884,0.403132,0.583333,1.000000,0.523810,0.464420,0.234768,0.300000,110,28,28,82
lightgbm,1,0.758333,0.725037,0.666667,0.600000,0.888889,0.518545,0.182985,0.430000,110,28,25,85
lightgbm,2,0.747826,0.566061,0.600000,0.600000,0.913043,0.513043,0.135388,0.410000,110,28,30,80
lightgbm,3,0.484127,0.247389,0.400000,0.500000,0.714286,0.188982,0.234163,0.250000,111,27,29,82
lightgbm,4,0.592857,0.349001,0.500000,0.857143,0.450000,0.278728,0.242944,0.220000,111,27,28,83
ensemble,0,0.700680,0.420315,0.545455,0.857143,0.571429,0.372104,0.207363,0.390000,110,28,28,82
ensemble,1,0.730556,0.601853,0.666667,0.800000,0.666667,0.447214,0.196921,0.410000,110,28,25,85
ensemble,2,0.686957,0.478704,0.470588,0.800000,0.652174,0.349948,0.175257,0.360000,110,28,30,80
ensemble,3,0.476190,0.242151,0.375000,0.500000,0.666667,0.143486,0.207746,0.380000,111,27,29,82
ensemble,4,0.564286,0.317556,0.500000,0.714286,0.600000,0.275647,0.220480,0.350000,111,27,28,83
rf_calibrated,0,0.734694,0.418284,0.600000,0.857143,0.666667,0.454794,0.197065,0.400000,110,28,28,82
rf_calibrated,1,0.741667,0.704417,0.695652,0.800000,0.722222,0.501735,0.179400,0.360000,110,28,25,85
rf_calibrated,2,0.652174,0.459524,0.444444,0.400000,0.913043,0.342624,0.137434,0.460000,110,28,30,80
rf_calibrated,3,0.626984,0.308291,0.470588,0.666667,0.666667,0.282038,0.195435,0.200000,111,27,29,82
rf_calibrated,4,0.585714,0.331829,0.521739,0.857143,0.500000,0.318529,0.228973,0.220000,111,27,28,83
lgbm_calibrated,0,0.704082,0.468368,0.571429,0.857143,0.619048,0.412393,0.216132,0.330000,110,28,28,82
lgbm_calibrated,1,0.763889,0.658095,0.700000,0.700000,0.833333,0.533333,0.190569,0.360000,110,28,25,85
lgbm_calibrated,2,0.773913,0.587619,0.615385,0.800000,0.826087,0.530791,0.134541,0.370000,110,28,30,80
lgbm_calibrated,3,0.507937,0.274405,0.428571,0.500000,0.761905,0.238455,0.194426,0.260000,111,27,29,82
lgbm_calibrated,4,0.571429,0.389057,0.480000,0.857143,0.400000,0.239046,0.220543,0.160000,111,27,28,83
