patient_id,fo3_early_mean,fo3_early_std,fo3_early_skew,fo3_early_kurt,fo3_early_energy,fo3_early_entropy,fo3_early_rms,fo3_early_uniformity,fo3_early_p10,fo3_early_p90,fo3_early_iqr,fo3_ser_mean,fo3_ser_std,fo3_ser_skew,fo3_ser_kurt,fo3_ser_energy,fo3_ser_entropy,fo3_ser_rms,fo3_ser_uniformity,fo3_ser_p10,fo3_ser_p90,fo3_ser_iqr,glcm3_contrast,glcm3_correlation,glcm3_energy,glcm3_homogeneity,glcm3_dissimilarity,glcm3_asm,rlm3_sre,rlm3_lre,rlm3_lgre,rlm3_hgre,rlm3_rlnu,rlm3_glnu,rlm3_rp,shape3_volume,shape3_surface_area,shape3_sphericity,shape3_compactness,shape3_elongation,shape3_flatness
1001,1.000000,0.000000,,,13761.000000,-0.000001,1.000000,1.000000,1.000000,1.000000,0.000000,2.034200,3.089630,7.052993,104.565784,263782.303024,2.120765,3.699160,0.317366,0.077922,4.533309,2.533911,0.000000,0.000000,1.000000,1.000000,0.000000,1.000000,0.540890,11.779049,0.001041,961.000000,1726.668730,5722.000000,3.506127,13761.000000,24899.140625,0.111532,0.003502,0.657063,0.157412
1002,0.942273,0.141571,-2.674212,6.622158,106088.740417,1.411472,0.952849,0.649482,0.722222,1.000000,0.000000,12.993885,3035.219691,296.511174,92258.872431,1250001281345.413574,0.000268,3035.247505,0.999971,0.194444,4.058803,1.847400,23.939717,0.263695,0.714249,0.773153,2.097520,0.510151,0.735623,11.533360,0.001872,773.200107,28897.651809,18996.255226,35.157680,116848.000000,152102.343750,0.075991,0.001970,0.474220,0.176449
1003,1.000000,0.000000,,,19943.000000,-0.000001,1.000000,1.000000,1.000000,1.000000,0.000000,79.184369,8820.408792,113.355624,12847.498366,2000000182048.150635,0.001171,8820.764220,0.999844,0.137931,2.666657,1.097503,0.000000,0.000000,1.000000,1.000000,0.000000,1.000000,0.505437,20.048089,0.001041,961.000000,1799.948889,6897.333333,4.226307,19943.000000,29401.892578,0.120958,0.003956,0.454382,0.123003
1008,0.953902,0.154152,-3.607897,12.523392,81541.237470,0.671413,0.966278,0.810515,0.800000,1.000000,0.000000,476.448981,21457.705150,45.987110,2122.625832,52120006608842.664062,0.006606,21462.994058,0.998993,0.116071,14.624771,4.920048,40.846606,0.100307,0.762652,0.811714,2.459116,0.581639,0.664313,7.043505,0.002422,832.001736,18965.755359,24947.700428,27.759804,87332.000000,153002.265625,0.062216,0.001459,0.762773,0.218444
1009,1.000000,0.000000,,,3014.000000,-0.000001,1.000000,1.000000,1.000000,1.000000,0.000000,0.255092,0.229092,1.600616,3.865641,1082.448392,4.123508,0.342863,0.076178,0.027027,0.551020,0.271428,0.000000,0.000000,1.000000,1.000000,0.000000,1.000000,0.825510,2.244191,0.001041,961.000000,1485.475186,2303.000000,1.411152,3014.000000,7833.661621,0.128810,0.004347,0.430328,0.206095
1010,1.000000,0.000000,,,14560.000000,-0.000001,1.000000,1.000000,1.000000,1.000000,0.000000,0.296813,0.226005,1.199098,1.940770,4775.694317,4.275805,0.373063,0.060695,0.053191,0.596773,0.289285,0.000000,0.000000,1.000000,1.000000,0.000000,1.000000,0.796014,2.592216,0.001041,961.000000,6252.108260,10547.666667,6.463031,14560.000000,40534.777344,0.071137,0.001784,0.927727,0.243884
1011,1.000000,0.000000,,,642.000000,-0.000001,1.000000,1.000000,1.000000,1.000000,0.000000,0.151175,0.131701,1.689826,4.672331,198.261175,4.128624,0.200497,0.076566,0.024096,0.328125,0.164903,0.000000,0.000000,1.000000,1.000000,0.000000,1.000000,0.941052,1.298383,0.001041,961.000000,506.745570,589.666667,0.361315,642.000000,1399.119019,0.257229,0.012267,0.793649,0.212735
1012,1.000000,0.000000,,,16838.000000,-0.000001,1.000000,1.000000,1.000000,1.000000,0.000000,0.331304,0.293895,1.247345,1.582868,7808.401990,3.984417,0.442873,0.081038,0.042017,0.771427,0.396630,0.000000,0.000000,1.000000,1.000000,0.000000,1.000000,0.660629,7.091286,0.001041,961.000000,3573.054545,8704.333333,5.333538,16838.000000,35864.996094,0.088581,0.002479,0.610704,0.292380
1013,1.000000,0.000000,,,82623.000000,-0.000001,1.000000,1.000000,1.000000,1.000000,0.000000,205.682420,14172.098525,70.532477,4972.831362,18000005986063.074219,0.002754,14173.591001,0.999598,0.451219,12.222060,2.980499,0.000000,0.000000,1.000000,1.000000,0.000000,1.000000,0.405489,44.277582,0.001041,961.000000,3652.424370,19825.000000,12.147672,82623.000000,85682.257812,0.107068,0.003294,0.602259,0.183813
1015,0.986137,0.082094,-5.752859,31.095385,93483.745762,0.182855,0.989548,0.946085,1.000000,1.000000,0.000000,160.396135,12521.726789,79.835839,6371.762404,17000003664870.132812,0.002205,12522.754038,0.999686,0.240000,9.333237,2.826455,7.902027,0.127337,0.930607,0.954021,0.528725,0.866030,0.599364,23.104015,0.001290,902.343899,12088.839499,24958.249136,21.743056,95469.000000,138046.796875,0.073176,0.001861,0.553190,0.198947
1017,1.000000,0.000000,,,67017.000000,-0.000001,1.000000,1.000000,1.000000,1.000000,0.000000,254.109204,15790.081305,63.299003,4004.764160,17000003205148.982422,0.003342,15792.125858,0.999501,0.999998,9.799894,5.637314,0.000000,0.000000,1.000000,1.000000,0.000000,1.000000,0.456172,28.630134,0.001041,961.000000,4939.415679,20846.333333,12.773489,67017.000000,92501.429688,0.086257,0.002382,0.601172,0.166596
1021,0.984258,0.059411,-4.366556,20.635521,37872.739320,0.544065,0.986049,0.846130,1.000000,1.000000,0.000000,0.526597,0.358796,0.357261,-0.588520,24401.720275,4.918987,0.637212,0.038140,0.070707,0.999993,0.605598,5.568886,0.079925,0.808775,0.862884,0.833945,0.654116,0.711516,5.673145,0.001151,905.681982,10545.424853,14334.156573,13.625408,38952.000000,80085.984375,0.069387,0.001719,0.395025,0.284746
1029,1.000000,0.000000,,,41787.000000,-0.000001,1.000000,1.000000,1.000000,1.000000,0.000000,0.414734,0.315581,1.333243,3.426340,20159.712478,3.738857,0.521148,0.088494,0.077778,0.830187,0.421489,0.000000,0.000000,1.000000,1.000000,0.000000,1.000000,0.710288,3.935524,0.001041,961.000000,12998.502475,26329.333333,16.133170,41787.000000,109944.906250,0.052967,0.001146,0.562657,0.175162
1030,1.000000,0.000000,,,1482.000000,-0.000001,1.000000,1.000000,1.000000,1.000000,0.000000,0.156776,0.142867,2.167491,7.599460,490.972363,3.845765,0.212108,0.093260,0.018518,0.341463,0.164530,0.000000,0.000000,1.000000,1.000000,0.000000,1.000000,0.918747,1.378335,0.001041,961.000000,1083.169910,1328.666667,0.814134,1482.000000,3361.785156,0.186988,0.007603,0.545530,0.172232
1031,1.000000,0.000000,,,3747.000000,-0.000001,1.000000,1.000000,1.000000,1.000000,0.000000,0.268203,0.216662,1.279150,2.238935,1253.060227,4.346955,0.344782,0.059968,0.043478,0.573770,0.287856,0.000000,0.000000,1.000000,1.000000,0.000000,1.000000,0.794551,2.602427,0.001041,961.000000,1608.137008,2710.000000,1.660539,3747.000000,9408.330078,0.124002,0.004106,0.384734,0.176195
1032,1.000000,0.000000,,,97335.000000,-0.000001,1.000000,1.000000,1.000000,1.000000,0.000000,475.823368,21558.365114,46.342061,2145.586855,46000017677996.429688,0.005815,21563.615519,0.999070,1.583329,17.599672,7.749828,0.000000,0.000000,1.000000,1.000000,0.000000,1.000000,0.385247,32.625078,0.001041,961.000000,4482.199643,25306.666667,15.506536,97335.000000,113867.312500,0.089866,0.002533,0.595717,0.267907
1036,1.000000,0.000000,,,67483.000000,-0.000001,1.000000,1.000000,1.000000,1.000000,0.000000,244.465846,15566.550487,64.209029,4120.799653,20000001788392.738281,0.003258,15568.469983,0.999515,0.160714,3.333319,1.650788,0.000000,0.000000,1.000000,1.000000,0.000000,1.000000,0.503681,12.176982,0.001041,961.000000,7680.517295,27070.000000,16.587010,67483.000000,118571.023438,0.067603,0.001653,0.784082,0.249873
1038,0.121597,0.196296,2.562431,6.628100,25890.777395,3.921485,0.230907,0.160121,0.006070,0.353566,0.127466,475.877724,15754.979780,51.582057,2951.322850,226496650637147.250000,0.032415,15762.165063,0.995469,0.052831,2.857971,0.929755,7.241195,0.901110,0.369119,0.777334,0.945827,0.136249,0.674472,6.680364,450717.049210,63.717096,131848.870390,62911.495410,169.002451,485593.000000,855378.312500,0.034928,0.000614,0.967828,0.099165
1041,1.000000,0.000000,,,38343.000000,-0.000001,1.000000,1.000000,1.000000,1.000000,0.000000,1936.018407,43831.770020,22.726414,514.489927,84000013216625.453125,0.020137,43874.505472,0.996157,0.230000,29.749088,18.499604,0.000000,0.000000,1.000000,1.000000,0.000000,1.000000,0.503736,19.819348,0.001041,961.000000,3454.286431,13290.666667,8.143791,38343.000000,58154.187500,0.094557,0.002734,0.908990,0.217468
1043,0.958850,0.073098,-1.718193,1.827270,54749.063895,2.644856,0.961633,0.453229,0.833333,1.000000,0.057971,0.648120,0.929384,176.704556,38894.302841,98693.304713,0.003837,1.133056,0.999506,0.116155,0.999997,0.669370,7.750562,0.197203,0.591808,0.705833,1.514012,0.350237,0.776535,4.887044,0.001250,833.859378,21261.397102,10499.198341,22.963031,59205.000000,107249.687500,0.068495,0.001686,0.572275,0.189547
1045,0.981718,0.044706,-2.545431,5.486291,34154.381380,1.413074,0.982735,0.654104,0.909091,1.000000,0.000000,0.462644,0.322981,0.528909,-0.948584,18254.216704,4.706395,0.564230,0.063261,0.069930,0.999996,0.444155,1.116434,0.225192,0.886708,0.925044,0.301276,0.786252,0.776941,7.470514,0.001139,894.591900,11385.236564,9219.649904,12.311479,35365.000000,66479.226562,0.078376,0.002063,0.547595,0.160788
1048,0.964666,0.076666,-2.223710,3.965606,63612.610879,1.802802,0.967707,0.586253,0.830769,1.000000,0.000000,0.629855,0.335664,-0.317388,-1.297766,44477.160737,4.993143,0.713714,0.072458,0.131260,0.999998,0.666663,4.682908,0.258951,0.801602,0.854155,0.815256,0.642566,0.794538,6.242300,0.001237,852.087830,24857.968570,16691.031481,25.556985,67929.000000,139961.640625,0.057523,0.001297,0.807282,0.333532
1051,0.932104,0.171154,-2.762150,7.040530,108555.572018,1.564524,0.947687,0.650173,0.692308,1.000000,0.000000,96.578444,9210.020559,104.254920,11098.956849,11729291698375.394531,0.002277,9210.526917,0.999725,0.230767,5.285681,1.979926,26.376312,0.406716,0.728432,0.780731,2.151537,0.530613,0.712489,16.942987,0.003932,729.030373,24919.245176,15535.377665,32.323529,120871.000000,128766.031250,0.091812,0.002616,0.743385,0.209321
1055,0.305576,0.255041,1.689934,1.691481,78272.885818,4.879242,0.398024,0.050690,0.115789,0.768421,0.168421,451.059640,16083.463736,47.100492,2475.043975,136039772477550.843750,0.022997,16089.787461,0.997140,0.391522,3.028392,1.047783,14.827894,0.887651,0.120001,0.433667,2.632923,0.014400,0.886158,2.437660,847.540600,112.150877,301871.465824,35201.154442,248.328023,494075.000000,79326.554688,0.381002,0.022114,0.180758,0.176815
1056,1.000000,0.000000,,,69139.000000,-0.000001,1.000000,1.000000,1.000000,1.000000,0.000000,484.925702,21933.400821,45.548507,2072.666712,36000004757398.515625,0.005996,21938.760779,0.999038,0.419354,11.571283,1.666660,0.000000,0.000000,1.000000,1.000000,0.000000,1.000000,0.484973,17.995307,0.001041,961.000000,6273.680905,24656.666667,15.108252,69139.000000,107795.007812,0.075573,0.001954,0.713648,0.189408
1057,0.966112,0.070941,-2.160213,3.753376,38747.705929,2.192879,0.968713,0.561334,0.846154,1.000000,0.012821,0.950024,8.178875,107.576882,13806.157938,3390233.560636,0.015461,8.233865,0.997762,0.156135,0.999998,0.524976,5.511808,0.250274,0.728978,0.805965,1.020717,0.531409,0.756650,8.238094,0.001236,845.463355,12512.833871,7710.172173,14.216095,41291.000000,73200.335938,0.078924,0.002085,0.843307,0.376768
1061,0.922412,0.184159,-2.438151,4.953128,41763.221671,1.422047,0.940616,0.648945,0.600000,1.000000,0.000000,194.282586,12605.040189,71.367692,5294.313959,7777778923213.936523,0.004191,12606.537347,0.999469,0.931033,8.333256,4.222191,36.680474,0.339564,0.747154,0.789076,2.526438,0.558239,0.743474,18.927293,0.003278,700.324928,10635.428567,6086.160897,12.622549,47203.000000,53488.222656,0.118088,0.003816,0.898845,0.271443
1062,0.909803,0.194436,-2.232317,4.020192,95206.707202,1.774370,0.930348,0.578032,0.600000,1.000000,0.000000,20.360648,3956.885374,239.934799,59179.841849,2202504669743.048828,0.000377,3956.937757,0.999957,0.121739,8.137412,3.093010,41.049277,0.393926,0.659003,0.723142,2.998411,0.434285,0.759350,14.692260,0.004184,687.446942,28672.450635,12322.035247,32.598856,109996.000000,118083.187500,0.094019,0.002711,0.669274,0.265274
1063,0.983040,0.041514,-2.609629,6.036566,40850.540643,1.526815,0.983916,0.653304,0.920000,1.000000,0.000000,0.479695,0.344858,0.418140,-1.208091,24038.343256,4.852400,0.590791,0.075548,0.067567,0.999996,0.485815,1.525233,0.204239,0.833507,0.889455,0.434583,0.694733,0.796631,3.293397,0.001115,909.298754,17311.251042,15640.665557,17.852737,42197.000000,103984.765625,0.056368,0.001258,0.537171,0.236653
1069,0.987718,0.077180,-7.019041,52.263829,25813.624576,0.232279,0.990729,0.942924,1.000000,1.000000,0.000000,449.572719,20695.044515,46.670884,2193.007210,12687499569872.175781,0.006255,20699.927128,0.999055,0.236842,5.714248,1.129794,7.619018,0.080843,0.929878,0.949084,0.532421,0.864672,0.535221,30.318112,0.001466,900.308111,2289.400019,5901.141584,5.053717,26299.000000,30427.091797,0.140556,0.004955,0.637469,0.167250
1070,1.000000,0.000000,,,4302.000000,-0.000001,1.000000,1.000000,1.000000,1.000000,0.000000,0.276076,0.247169,1.666534,2.483254,1955.987866,4.440593,0.370554,0.054178,0.048387,0.585365,0.252471,0.000000,0.000000,1.000000,1.000000,0.000000,1.000000,0.854960,1.858078,0.001041,961.000000,2417.218564,3483.666667,2.134600,4302.000000,10843.394531,0.117968,0.003810,0.442199,0.118848
1074,0.970879,0.059237,-2.063333,3.257704,50904.807274,2.086754,0.972685,0.543157,0.872727,1.000000,0.018182,0.598552,0.367542,-0.212374,-1.529641,37997.427803,4.634019,0.702390,0.136442,0.078664,0.999997,0.769781,4.197486,0.187493,0.698200,0.788381,0.968649,0.487483,0.738635,7.240489,0.001204,856.562505,15287.567010,9684.436733,18.372141,53804.000000,89517.101562,0.076994,0.002009,0.543148,0.213014
1075,0.984961,0.052002,-4.651957,27.217528,12315.345235,0.845485,0.986333,0.782184,0.958333,1.000000,0.000000,0.179008,0.176954,2.381717,8.097573,4910.773485,3.732035,0.251707,0.095949,0.025316,0.372881,0.177817,5.391283,0.071701,0.761586,0.830549,0.889859,0.580014,0.868460,1.901764,0.001110,922.380197,7424.673782,6896.273723,6.325776,12659.000000,33647.988281,0.078065,0.002051,0.831726,0.425914
1077,0.852496,0.222336,-1.383871,0.767301,47860.229861,2.981101,0.881013,0.343825,0.472222,1.000000,0.277778,1232.293636,30719.811483,27.853680,816.619384,66632716891879.156250,0.031401,30744.517644,0.995777,0.241829,4.714259,1.666659,46.210965,0.484347,0.532318,0.619215,3.786555,0.283363,0.854218,3.471730,66.708011,660.358612,31240.118373,9315.499000,27.654412,61661.000000,129368.062500,0.058344,0.001325,0.948929,0.306403
1078,0.892247,0.222300,-2.087219,3.205654,62408.786192,1.848618,0.919522,0.542677,0.500000,1.000000,0.062500,268.049547,15192.566825,60.288634,3725.046989,30445312347541.246094,0.005771,15194.931302,0.999272,0.074468,4.049918,0.695950,46.132289,0.555457,0.579834,0.674845,3.338535,0.336207,0.794700,4.006488,0.010168,735.936204,28804.077544,14797.457331,29.873775,73811.000000,142858.312500,0.059565,0.001367,0.929318,0.264807
1084,0.997918,0.011927,-6.634880,47.184873,29617.511139,0.364376,0.997989,0.922472,1.000000,1.000000,0.000000,0.616118,0.407644,-0.221356,-1.778849,24929.892181,3.390884,0.738766,0.273367,0.071158,0.999996,0.806283,0.057491,0.160531,0.987182,0.992200,0.024224,0.974529,0.593872,59.765896,0.001065,942.289942,2693.678727,5976.120199,4.946691,29737.000000,30020.361328,0.154620,0.005717,0.523103,0.119805
1086,0.943506,0.098671,-1.604424,1.280933,60986.146339,2.321993,0.948651,0.462479,0.771930,1.000000,0.087719,0.572268,0.350432,0.000230,-1.362670,43003.936302,5.761571,0.671039,0.027487,0.094683,0.999998,0.675724,6.583388,0.358644,0.745217,0.811293,1.094308,0.555348,0.847051,4.668766,0.001331,810.406731,31725.425160,14304.073895,28.513685,67767.000000,146159.843750,0.054996,0.001213,0.901876,0.295679
1088,1.000000,0.000000,,,653.000000,-0.000001,1.000000,1.000000,1.000000,1.000000,0.000000,1.015423,0.091010,14.300868,265.749629,678.706537,0.699708,1.019493,0.834173,0.999997,0.999999,0.000001,0.000000,0.000000,1.000000,1.000000,0.000000,1.000000,0.678275,3.774106,0.001041,961.000000,188.579910,405.666667,0.248570,653.000000,1624.694824,0.224038,0.009971,0.529190,0.237200
1091,0.980756,0.050095,-2.760261,6.815851,40177.489710,1.400266,0.982034,0.681811,0.909091,1.000000,0.000000,0.657591,0.355321,-0.450985,-1.331302,30426.766648,3.989176,0.747448,0.199340,0.113303,0.999997,0.673905,1.579957,0.231559,0.874263,0.912532,0.385691,0.764335,0.752715,9.488523,0.001155,887.794158,11856.801249,10563.138845,13.665033,41661.000000,74136.781250,0.078392,0.002064,0.842802,0.225855
1092,1.000000,0.000000,,,39.000000,-0.000001,1.000000,1.000000,1.000000,1.000000,0.000000,0.999998,0.000000,0.131920,-1.339183,38.999870,3.967834,0.999998,0.076923,0.999998,0.999999,0.000001,0.000000,0.000000,1.000000,1.000000,0.000000,1.000000,0.826265,1.694940,0.001041,961.000000,22.068452,32.000000,0.019608,39.000000,96.657608,0.575384,0.041040,0.943114,0.256758
1095,0.310453,0.266797,1.272227,0.533850,118927.939782,5.383472,0.409343,0.032135,0.076733,0.762376,0.309406,19791.689601,101530.083598,7.171706,57.334816,7883639529514103.000000,0.738891,103441.137139,0.861748,0.892361,159.221976,18.553057,25.962021,0.816563,0.086059,0.371276,3.572646,0.007406,0.904435,1.674395,14852.686819,140.104193,477101.745084,37350.319880,374.631127,709756.000000,87684.312500,0.438835,0.027335,0.252556,0.171568
1100,1.000000,0.000000,,,1279.000000,-0.000001,1.000000,1.000000,1.000000,1.000000,0.000000,3.091066,61.933874,35.614122,1268.808798,4918214.794372,0.027583,62.010963,0.995316,0.999997,1.634108,0.260676,0.000000,0.000000,1.000000,1.000000,0.000000,1.000000,0.691129,3.466345,0.001041,961.000000,377.848757,810.666667,0.496732,1279.000000,3045.668457,0.187089,0.007609,0.270871,0.175831
1106,1.000000,0.000000,,,77438.000000,-0.000001,1.000000,1.000000,1.000000,1.000000,0.000000,25442.076684,157449.764238,6.028083,34.337789,2156000034088006.500000,0.170966,159492.092358,0.950419,0.341463,4.612219,1.411955,0.000000,0.000000,1.000000,1.000000,0.000000,1.000000,0.508646,24.769227,0.001041,961.000000,6772.423710,25828.000000,15.825980,77438.000000,110636.101562,0.079413,0.002104,0.660232,0.240885
1110,0.897771,0.187429,-1.768453,1.976977,37954.763694,2.000390,0.917127,0.493076,0.555556,1.000000,0.111111,118.402613,10122.392130,91.667859,8634.485358,5064815419494.930664,0.002244,10123.084589,0.999717,0.357142,5.254134,2.901383,47.450874,0.212794,0.586869,0.659546,3.666697,0.344415,0.828048,4.532811,0.002301,728.235587,20129.259758,9112.043988,18.872753,45124.000000,91193.320312,0.067214,0.001639,0.492475,0.104090
1111,0.998984,0.006881,-6.625466,41.896798,11601.943230,0.148860,0.999008,0.958244,1.000000,1.000000,0.000000,0.288842,0.268991,1.739336,2.245899,5249.678500,4.554432,0.394697,0.045666,0.055555,0.999924,0.248080,0.055400,0.076896,0.977896,0.987337,0.032844,0.956281,0.824864,3.269459,0.001047,955.747279,5294.866224,7373.702519,5.070261,11625.000000,26696.556641,0.092959,0.002665,0.667164,0.183500
1117,1.000000,0.000000,,,3734.000000,-0.000001,1.000000,1.000000,1.000000,1.000000,0.000000,1.739384,7.767661,34.649634,1443.599769,237670.917422,0.182211,7.960026,0.962612,0.999995,1.733330,0.371670,0.000000,0.000000,1.000000,1.000000,0.000000,1.000000,0.400927,19.893676,0.001041,961.000000,225.449258,1148.333333,0.703636,3734.000000,4777.460938,0.243633,0.011308,0.240554,0.140171
1129,0.980678,0.048368,-2.670567,6.398661,52070.371196,1.637429,0.981871,0.659026,0.911765,1.000000,0.000000,0.817243,3.032564,126.930843,19449.948451,647386.085390,0.015246,3.140753,0.997777,0.148309,0.999997,0.534926,2.665306,0.180226,0.805792,0.864540,0.614952,0.649301,0.717420,11.536141,0.001166,878.958621,12470.243682,10470.501809,15.927083,54011.000000,78319.070312,0.088228,0.002464,0.652194,0.366052
1132,1.000000,0.000000,,,75.000000,-0.000001,1.000000,1.000000,1.000000,1.000000,0.000000,0.999998,0.000000,-0.304120,-0.995611,74.999761,3.321967,0.999998,0.110044,0.999998,0.999999,0.000000,0.000000,0.000000,1.000000,1.000000,0.000000,1.000000,0.744023,2.666905,0.001041,961.000000,27.208095,52.000000,0.031863,75.000000,165.109375,0.520899,0.035351,0.312957,0.266778
1137,0.964637,0.110619,-3.468781,11.936211,40847.046913,0.887853,0.970959,0.774721,0.846154,1.000000,0.000000,1.571251,19.638995,110.019687,14598.454643,18416589.516281,0.017145,19.701750,0.997473,0.377889,1.693352,0.358852,10.296262,0.321748,0.847020,0.881049,1.024034,0.717443,0.649346,22.137704,0.001602,805.512747,6217.289936,6630.263993,9.683824,43327.000000,49079.886719,0.121549,0.003985,0.468936,0.165313
1139,0.922489,0.138902,-1.773400,2.016016,55886.771962,2.826155,0.932888,0.441316,0.680645,1.000000,0.103226,1.114414,4.345685,86.592598,10063.089856,1430760.845668,0.029218,4.486301,0.995477,0.310677,1.730479,0.200388,14.594495,0.402711,0.608842,0.711477,1.890708,0.370688,0.782833,10.158891,0.001680,725.263833,20222.824854,6403.184392,21.596405,64217.000000,81098.867188,0.095625,0.002781,0.859271,0.206139
1140,1.000000,0.000000,,,2425.000000,-0.000001,1.000000,1.000000,1.000000,1.000000,0.000000,1.174829,1.215497,30.881901,1096.923380,6929.815328,0.221845,1.690460,0.949788,0.999999,1.328508,0.180315,0.000000,0.000000,1.000000,1.000000,0.000000,1.000000,0.554327,7.213812,0.001041,961.000000,380.016859,1159.000000,0.710172,2425.000000,4793.648438,0.182093,0.007307,0.174402,0.113748
1141,0.844118,0.268497,-1.482176,0.739892,38754.288748,2.539302,0.885792,0.472430,0.350000,1.000000,0.250000,6904.562722,72231.307832,11.684824,143.063628,269711938598880.156250,0.146062,72560.559656,0.976800,0.830766,22.447750,4.720842,32.469473,0.758056,0.696994,0.758785,2.465803,0.485800,0.808701,22.643429,2585.187646,524.563607,14439.584892,3500.534225,14.339257,49392.000000,55329.628906,0.117661,0.003795,0.716072,0.121875
1147,1.000000,0.000000,,,96042.000000,-0.000001,1.000000,1.000000,1.000000,1.000000,0.000000,1.373917,4.968043,38.531471,1617.976638,2557009.733194,0.126762,5.154522,0.975150,0.999998,1.599168,0.170259,0.000000,0.000000,1.000000,1.000000,0.000000,1.000000,0.407540,112.945966,0.001041,961.000000,3210.288892,17186.333333,10.530842,96042.000000,75190.257812,0.134885,0.004658,0.830628,0.255378
1149,0.885822,0.130796,-0.746279,-0.816178,61546.889075,4.218754,0.895426,0.202808,0.680000,1.000000,0.220000,0.823819,5.750442,94.138913,11082.344777,3631805.908066,0.028569,5.809153,0.995546,0.086792,1.180389,0.749089,17.090695,0.380072,0.390225,0.553656,2.672242,0.152275,0.874955,3.418110,0.001612,696.638558,42189.607646,6961.054591,35.389910,76762.000000,142198.203125,0.061426,0.001432,0.899117,0.200878
1150,0.928045,0.116142,-1.368783,0.438666,53763.400799,2.794071,0.935284,0.419824,0.715789,1.000000,0.136842,0.620662,0.384041,-0.177964,-1.523495,46374.395220,4.945463,0.729869,0.093821,0.084019,0.999998,0.757892,6.365791,0.511000,0.757297,0.825099,1.018894,0.573499,0.818941,11.016187,0.001511,739.678860,22217.307227,6546.793712,21.523489,61461.000000,105769.929688,0.071207,0.001787,0.941831,0.232014
1151,0.802599,0.194231,-0.372548,-1.380951,77235.678575,4.602097,0.825767,0.147751,0.517483,1.000000,0.377622,0.717270,0.524502,0.740276,0.126133,123970.928921,5.143239,0.888582,0.057068,0.093240,1.416558,0.734024,30.010761,0.492176,0.378248,0.528934,3.492529,0.143071,0.889299,3.165137,0.002382,556.945616,65959.465637,7044.297631,53.318627,113267.000000,207509.906250,0.054557,0.001198,0.867468,0.257666
1152,1.000000,0.000000,,,63428.000000,-0.000001,1.000000,1.000000,1.000000,1.000000,0.000000,1.670420,3.835148,11.521431,137.313687,1117919.826853,1.197408,4.183141,0.611598,0.999996,1.935546,0.515462,0.000000,0.000000,1.000000,1.000000,0.000000,1.000000,0.466544,21.422497,0.001041,961.000000,5220.266367,21169.000000,12.971201,63428.000000,94307.640625,0.081556,0.002190,0.585922,0.168757
1155,0.919477,0.122116,-1.294999,0.339953,59543.075532,3.280789,0.927550,0.366697,0.711656,1.000000,0.153374,0.919114,6.889188,223.685049,58191.380597,4142356.527369,0.007961,6.950228,0.998928,0.135400,1.281315,0.575438,10.653666,0.463181,0.612129,0.719986,1.657255,0.374702,0.818898,11.492614,0.001577,713.457905,24621.062103,5290.013205,23.845384,69208.000000,90232.195312,0.090343,0.002553,0.599571,0.219683
1157,1.000000,0.000000,,,90420.000000,-0.000001,1.000000,1.000000,1.000000,1.000000,0.000000,2.658342,40.087209,86.057723,8342.601344,146731770.606098,0.021275,40.175255,0.996682,0.999998,2.610261,0.872878,0.000000,0.000000,1.000000,1.000000,0.000000,1.000000,0.504718,19.298423,0.001041,961.000000,8965.669068,32129.333333,19.687092,90420.000000,141953.468750,0.068630,0.001691,0.581910,0.210306
1158,1.000000,0.000000,,,27024.000000,-0.000001,1.000000,1.000000,1.000000,1.000000,0.000000,1.307907,5.075824,63.287258,4846.359614,743957.441354,0.068127,5.241623,0.987066,0.999996,1.424081,0.139425,0.000000,0.000000,1.000000,1.000000,0.000000,1.000000,0.542692,8.936041,0.001041,961.000000,3768.189668,12093.666667,7.410335,27024.000000,52525.097656,0.082912,0.002245,0.426371,0.151258
1159,0.948020,0.089152,-1.582913,1.245755,48684.688863,2.457487,0.952202,0.447033,0.797297,1.000000,0.081081,0.556689,0.351595,-0.036818,-1.491841,34059.183968,5.281300,0.658424,0.059840,0.081446,0.999997,0.733428,5.247654,0.396290,0.727481,0.807462,1.001169,0.529229,0.811578,7.296875,0.001326,803.364232,20435.462300,8234.020113,20.199551,53695.000000,103019.148438,0.066812,0.001624,0.482339,0.147282
1162,0.948744,0.100638,-2.056129,3.317526,54199.548586,2.534710,0.954067,0.492471,0.785714,1.000000,0.047619,0.979769,3.088869,100.205782,11492.687974,684396.177828,0.027143,3.240534,0.995710,0.351587,1.263155,0.147895,9.827551,0.364270,0.630238,0.733154,1.539192,0.397200,0.749577,10.843022,0.001414,781.293702,15883.428612,6484.530512,18.574551,59544.000000,67406.414062,0.109398,0.003402,0.644443,0.409001
1164,0.906014,0.119205,-0.869152,-0.717438,58393.205218,2.797317,0.913822,0.288860,0.702703,1.000000,0.189189,0.521259,0.353403,0.232154,-1.309704,42849.626663,5.675233,0.629766,0.025768,0.078781,0.999998,0.653903,11.651778,0.428118,0.596975,0.704388,1.812362,0.356379,0.878656,5.718137,0.001512,729.493549,37359.507606,8456.792661,31.045752,69926.000000,152301.406250,0.053894,0.001176,0.695762,0.251327
1167,0.317940,0.261652,0.890825,-0.100498,631064.892417,5.592349,0.411762,0.026137,0.050584,0.712062,0.396887,119.901449,3083.141058,44.034228,3264.645498,41637662904115.132812,0.026670,3085.471624,0.996107,0.200080,5.167662,1.485678,13.673153,0.910635,0.075921,0.454873,2.439709,0.005764,0.909583,1.586074,45408.061849,143.752692,2572172.787165,170071.760691,1994.704861,3722051.000000,7181389.500000,0.016173,0.000193,0.940999,0.894788
1168,1.000000,0.000000,,,836.000000,-0.000001,1.000000,1.000000,1.000000,1.000000,0.000000,0.154431,0.104429,0.814872,0.286089,340.489111,3.601310,0.186425,0.088989,0.023256,0.294117,0.149051,0.000000,0.000000,1.000000,1.000000,0.000000,1.000000,0.855144,1.864989,0.001041,961.000000,478.586980,679.666667,0.416462,836.000000,2104.924561,0.203885,0.008657,0.356520,0.107831
1170,1.000000,0.000000,-6.767861,43.803947,5170.999975,0.144230,1.000000,0.959843,1.000000,1.000000,0.000000,0.204992,0.168424,2.745027,10.964895,1853.110564,4.608160,0.265308,0.041453,0.038655,0.334773,0.183758,0.020632,0.047258,0.978846,0.989684,0.020632,0.958139,0.924923,1.430792,0.001042,959.603401,3817.945673,4416.172712,2.832516,5171.000000,12074.708008,0.119763,0.003897,0.822547,0.267739
1171,0.992528,0.053419,-8.320099,77.184938,33806.221938,0.197259,0.993965,0.954273,1.000000,1.000000,0.000000,1.457321,4.873913,18.775881,383.732832,899754.647562,0.265129,5.087122,0.940010,0.999994,1.456617,0.042699,3.130888,0.086739,0.951951,0.964927,0.297270,0.906210,0.555728,19.659086,0.001174,924.330230,3569.463671,9783.382235,7.382966,34218.000000,47202.066406,0.107984,0.003337,0.858150,0.263314
1173,0.983689,0.042372,-3.073390,9.823115,45005.292250,1.715841,0.984602,0.657317,0.928889,1.000000,0.000000,6.424277,551.462334,165.102986,28036.110450,15813165427.233393,0.002761,551.499752,0.999654,0.281677,2.821799,0.452834,2.603562,0.157287,0.736927,0.825219,0.695827,0.543061,0.719159,6.229157,0.001131,899.314016,12714.354155,11961.308915,16.017565,46424.000000,87802.000000,0.071145,0.001784,0.902276,0.283801
1175,0.985059,0.038710,-2.757778,6.830424,25540.932826,1.112846,0.985820,0.695466,0.921053,1.000000,0.000000,0.376523,0.282801,0.884084,0.061227,10979.989891,5.211241,0.470899,0.032782,0.058231,0.999982,0.388812,1.358749,0.233057,0.859611,0.906269,0.378762,0.738931,0.787240,4.981482,0.001110,912.868852,10090.663808,9668.305495,10.452410,26281.000000,59972.386719,0.071279,0.001789,0.608254,0.285326
1177,0.998825,0.016869,-19.101138,460.529359,40616.971802,0.055309,0.998967,0.988125,1.000000,1.000000,0.000000,0.354911,0.263954,1.095056,1.994484,15440.160780,3.708602,0.442305,0.089749,0.066667,0.729728,0.380952,0.386773,0.055467,0.957852,0.976359,0.086928,0.917481,0.654480,10.087923,0.001055,953.143651,7751.602248,16798.517979,11.709763,40701.000000,73235.273438,0.078133,0.002054,0.664227,0.211843
1180,1.000000,0.000000,,,704.000000,-0.000001,1.000000,1.000000,1.000000,1.000000,0.000000,0.154656,0.208696,3.435884,11.235032,900.757281,3.900777,0.259755,0.067220,0.022901,0.207207,0.115507,0.000000,0.000000,1.000000,1.000000,0.000000,1.000000,0.738224,3.113868,0.001041,961.000000,264.994507,481.000000,0.294730,704.000000,1823.157349,0.209914,0.009043,0.537715,0.177432
1181,0.952154,0.080410,-1.556903,1.186100,50758.981780,2.291295,0.955543,0.432264,0.807692,1.000000,0.076923,0.432771,0.279537,0.206597,-1.159331,23978.062455,5.775448,0.515201,0.018767,0.070662,0.847221,0.477227,6.127176,0.265111,0.642083,0.744324,1.263369,0.412271,0.833958,3.501561,0.001258,832.845058,26039.831666,11808.706319,24.242647,55592.000000,123518.242188,0.057029,0.001281,0.644875,0.255058
1182,0.211078,0.231395,1.422810,1.402047,492217.282236,4.889385,0.313206,0.060957,0.026062,0.552124,0.295367,70.165063,1876.344549,47.007934,4339.552196,21252187511324.242188,0.022950,1877.655987,0.996675,0.173854,6.379707,1.906220,6.656358,0.951198,0.156126,0.560174,1.570151,0.024375,0.865112,1.973556,154129.159629,83.769863,2893983.963491,453446.470260,2515.303717,5017621.000000,10261574.000000,0.013812,0.000153,0.935577,0.828149
1185,1.000000,0.000000,,,72892.000000,-0.000001,1.000000,1.000000,1.000000,1.000000,0.000000,10.434038,76.042740,21.503461,513.772586,431984521.815077,0.387322,76.755244,0.906982,0.999998,13.309142,3.262653,0.000000,0.000000,1.000000,1.000000,0.000000,1.000000,0.550145,18.629221,0.001041,961.000000,8488.661105,27306.666667,16.732026,72892.000000,117169.992188,0.072020,0.001817,0.748381,0.193454
1187,0.226540,0.256107,1.488268,1.365968,406800.462967,4.732691,0.341922,0.080422,0.033149,0.629834,0.292818,61.057354,1540.872631,31.959800,1194.027444,11178579805976.402344,0.026645,1542.081861,0.996235,0.104544,3.716461,1.229969,8.530211,0.947258,0.203670,0.591684,1.674765,0.041482,0.797610,3.050415,92685.404040,99.017188,1601578.308740,326527.681427,1558.796773,3479576.000000,6243070.500000,0.017787,0.000223,0.927566,0.082987
1189,1.000000,0.000000,,,20570.000000,-0.000001,1.000000,1.000000,1.000000,1.000000,0.000000,706.822172,26510.192172,37.668148,1416.889429,18000001357443.636719,0.008377,26519.613244,0.998594,0.140845,10.571306,2.842092,0.000000,0.000000,1.000000,1.000000,0.000000,1.000000,0.519013,14.072318,0.001041,961.000000,2170.676131,7863.666667,4.818423,20570.000000,34387.937500,0.105577,0.003226,0.867116,0.169392
1193,0.772769,0.186546,-0.115466,-1.369754,96031.191342,4.156391,0.794966,0.098590,0.511628,1.000000,0.395349,0.816944,0.616320,0.658475,-0.562910,212645.638661,5.749346,1.023351,0.020825,0.105748,1.781233,0.935928,39.666845,0.398914,0.232266,0.412888,4.512911,0.053947,0.926171,2.020713,0.002380,545.761503,108484.686110,10417.818821,80.183619,151955.000000,331068.750000,0.041595,0.000798,0.774722,0.312292
1199,0.981797,0.046650,-2.764930,7.006552,45446.424702,1.602021,0.982905,0.667137,0.913669,1.000000,0.000000,0.706185,0.334097,-0.654958,-1.008930,34706.998931,3.909594,0.781229,0.240176,0.161645,0.999997,0.551279,2.750643,0.223517,0.790754,0.855665,0.646420,0.625291,0.700331,8.778071,0.001152,887.768051,11090.305689,10776.971346,14.837418,47041.000000,79507.992188,0.079261,0.002098,0.621831,0.208255
1200,0.827687,0.201663,-0.954283,-0.112156,63224.528341,4.054945,0.851900,0.196192,0.521127,1.000000,0.309859,101.794260,8516.034622,98.336483,10282.425000,8846657749606.121094,0.003617,8516.642986,0.999590,0.095390,1.761900,0.778862,32.243495,0.426170,0.432879,0.559058,3.468358,0.187384,0.907713,2.528550,14.182775,625.552405,56006.159119,8058.640616,43.253268,87118.000000,198860.453125,0.047790,0.000982,0.516810,0.255084
1203,0.973339,0.060057,-2.342683,4.672758,44442.898552,1.947726,0.975190,0.605518,0.873333,1.000000,0.000000,0.832369,6.525254,106.631817,14180.414826,2754248.846559,0.018975,6.578129,0.997206,0.085407,0.999997,0.727738,3.282676,0.287837,0.800135,0.859136,0.682601,0.640217,0.734492,13.715327,0.001220,849.311216,11125.007090,7178.328137,13.564338,46733.000000,66514.421875,0.094330,0.002724,0.618350,0.300423
1204,0.946345,0.151365,-3.020446,8.425435,34414.506434,1.058058,0.958373,0.729367,0.750000,1.000000,0.000000,5869.069854,71913.891618,13.063975,172.860954,245840272004383.312500,0.092303,72152.988771,0.983027,0.250000,3.999981,0.833331,8.429232,0.627796,0.849027,0.889507,0.870608,0.720847,0.674281,24.537630,0.003004,751.281976,5932.429301,4920.608871,8.581904,37469.000000,43811.535156,0.123598,0.004086,0.509929,0.176661
1207,1.000000,0.000000,,,72174.000000,-0.000001,1.000000,1.000000,1.000000,1.000000,0.000000,1054.056496,32397.688147,30.801432,946.728244,88000004655433.359375,0.011908,32414.830439,0.997901,0.220339,10.999868,1.434777,0.000000,0.000000,1.000000,1.000000,0.000000,1.000000,0.466166,31.096200,0.001041,961.000000,5375.371843,21847.000000,13.386642,72174.000000,95987.062500,0.087336,0.002427,0.686232,0.137081
1208,0.909411,0.125711,-1.053293,-0.361334,60095.623618,3.371106,0.918059,0.317616,0.691589,1.000000,0.186916,0.590355,0.393367,0.044431,-1.463208,53452.988576,5.394732,0.709406,0.048075,0.074465,1.062498,0.786577,13.047759,0.400002,0.562145,0.676433,1.983529,0.316007,0.831969,3.719979,0.001528,734.619098,32660.759953,9118.836369,30.662173,71302.000000,144976.625000,0.057357,0.001292,0.858768,0.298793
1210,0.974256,0.071000,-2.931919,7.816577,45383.432166,1.437281,0.976839,0.709917,0.882353,1.000000,0.000000,0.743267,0.356666,-0.913479,-0.841375,40355.303443,3.538255,0.824413,0.316096,0.126808,0.999998,0.576662,2.087460,0.344824,0.902398,0.929417,0.377909,0.814323,0.697593,38.409905,0.001316,815.732063,7156.311539,4925.250082,9.692198,47561.000000,49403.382812,0.128498,0.004331,0.839157,0.241090
1213,0.305365,0.293807,1.022646,-0.154623,623526.982445,5.314364,0.423758,0.041087,0.041551,0.792244,0.427516,0.999803,0.001136,-44.426396,8137.660734,3470960.590138,0.044666,0.999804,0.991495,0.999702,0.999996,0.000088,7.061065,0.961255,0.113493,0.556382,1.696657,0.012881,0.803503,4.015130,39110.675725,145.336043,1611693.625006,192890.208919,1526.510417,3472323.000000,4761327.500000,0.023290,0.000334,0.676259,0.506572
1214,1.000000,0.000000,,,42890.000000,-0.000001,1.000000,1.000000,1.000000,1.000000,0.000000,463.509828,21414.270143,46.654760,2174.666767,21000002749191.054688,0.005747,21419.285869,0.999083,0.448275,12.999817,4.999959,0.000000,0.000000,1.000000,1.000000,0.000000,1.000000,0.464799,26.105339,0.001041,961.000000,3019.867932,13078.000000,8.013480,42890.000000,56981.671875,0.103989,0.003153,0.722069,0.209211
1216,1.000000,0.000000,,,3355.000000,-0.000001,1.000000,1.000000,1.000000,1.000000,0.000000,0.999999,0.000000,-0.703645,0.628705,3354.992299,2.202877,0.999999,0.246626,0.999999,0.999999,0.000000,0.000000,0.000000,1.000000,1.000000,0.000000,1.000000,0.322235,30.740493,0.001041,961.000000,124.472151,835.666667,0.512051,3355.000000,3313.055908,0.327127,0.017593,0.426864,0.398933
1219,0.998427,0.009397,-6.909988,51.113615,26287.465887,0.315891,0.998472,0.929907,1.000000,1.000000,0.000000,0.528111,0.393496,0.231851,-1.706935,19345.267741,3.937415,0.658590,0.166582,0.069161,0.999996,0.821963,0.057933,0.084497,0.983004,0.990033,0.028188,0.966297,0.622195,23.975222,0.001054,950.408651,3531.781647,7905.201599,5.911560,26368.000000,37037.878906,0.115671,0.003699,0.568238,0.183409
1220,1.000000,0.000000,,,53601.000000,-0.000001,1.000000,1.000000,1.000000,1.000000,0.000000,2812.215671,52909.879569,18.793851,351.208853,165000006619930.187500,0.027838,52984.562968,0.994401,0.327868,15.199754,2.923780,0.000000,0.000000,1.000000,1.000000,0.000000,1.000000,0.460199,19.516615,0.001041,961.000000,4997.666329,18800.000000,11.519608,53601.000000,82542.351562,0.083289,0.002260,0.959645,0.300750
1221,0.923754,0.121499,-1.441263,0.830604,58943.677894,3.138757,0.931710,0.391052,0.714286,1.000000,0.136364,0.833759,1.917001,143.102177,24515.201308,352085.958359,0.005601,2.090466,0.999280,0.176303,1.204326,0.474616,15.776535,0.303741,0.557205,0.664541,2.204738,0.310477,0.791652,7.288519,0.001544,732.909764,23548.370125,6844.697796,24.530842,67901.000000,91648.671875,0.087823,0.002447,0.941323,0.250950
1222,1.000000,0.000000,,,50047.000000,-0.000001,1.000000,1.000000,1.000000,1.000000,0.000000,1.659156,9.168521,32.765153,1155.362131,4363821.428179,0.152771,9.317434,0.969515,0.999997,1.717928,0.256058,0.000000,0.000000,1.000000,1.000000,0.000000,1.000000,0.397918,43.269255,0.001041,961.000000,2195.097679,12333.333333,7.557190,50047.000000,53915.742188,0.121811,0.003998,0.585962,0.372408
1223,1.000000,0.000000,,,26.000000,-0.000001,1.000000,1.000000,1.000000,1.000000,0.000000,0.098391,0.095860,2.936505,12.982423,2.528566,4.020162,0.137368,0.072511,0.011364,0.197892,0.088178,0.000000,0.000000,1.000000,1.000000,0.000000,1.000000,0.990000,1.040000,0.001041,961.000000,25.026667,25.666667,0.015727,26.000000,46.129692,0.920066,0.082986,0.668685,0.190108
1225,0.934518,0.092798,-1.161343,-0.008483,62403.069653,2.931751,0.939114,0.325281,0.771429,1.000000,0.128571,0.462508,0.308833,0.249057,-1.198948,35169.839869,5.869652,0.556140,0.019300,0.068277,0.931622,0.539184,7.564407,0.352541,0.571744,0.698703,1.511916,0.326891,0.843822,4.034967,0.001343,789.353196,33669.374968,9902.074418,30.675858,70757.000000,147317.250000,0.056158,0.001251,0.539828,0.228719
1226,1.000000,0.000000,,,2281.000000,-0.000001,1.000000,1.000000,1.000000,1.000000,0.000000,0.176912,0.146573,1.922363,7.008532,663.198597,3.585309,0.229742,0.105466,0.023810,0.387096,0.153571,0.000000,0.000000,1.000000,1.000000,0.000000,1.000000,0.830919,2.729503,0.001041,961.000000,1103.182963,1683.333333,1.031454,2281.000000,5339.467285,0.156941,0.005846,0.656195,0.342405
1227,1.000000,0.000000,,,48547.000000,-0.000001,1.000000,1.000000,1.000000,1.000000,0.000000,1.033578,1.445941,166.529430,31529.110133,153396.137439,0.015177,1.777366,0.997695,0.999992,0.999999,0.000003,0.000000,0.000000,1.000000,1.000000,0.000000,1.000000,0.391986,34.145076,0.001041,961.000000,2398.806804,12774.666667,7.827614,48547.000000,56180.898438,0.114552,0.003646,0.745751,0.343091
1228,0.203652,0.231124,1.467470,1.581083,426563.992937,4.823773,0.308046,0.066722,0.022020,0.538345,0.294609,57.087290,1595.408504,56.800563,6422.197140,13787951343574.988281,0.022378,1596.429533,0.996760,0.172581,5.889456,1.752469,9.198543,0.927131,0.167935,0.568210,1.683137,0.028202,0.858918,1.832741,201107.059732,86.951025,2537138.645078,416517.037629,2242.200572,4495245.000000,9513300.000000,0.013846,0.000153,0.971357,0.933459
1229,1.000000,0.000000,,,3446.000000,-0.000001,1.000000,1.000000,1.000000,1.000000,0.000000,0.232547,0.209162,1.676958,3.882832,1281.142424,4.163649,0.312773,0.073114,0.036364,0.540540,0.250109,0.000000,0.000000,1.000000,1.000000,0.000000,1.000000,0.798531,2.516987,0.001041,961.000000,1534.805417,2536.000000,1.553922,3446.000000,8968.703125,0.123017,0.004057,0.632338,0.186161
1231,1.000000,0.000000,,,7544.000000,-0.000001,1.000000,1.000000,1.000000,1.000000,0.000000,0.291676,0.243067,1.201611,1.037198,2817.829716,4.417870,0.379680,0.054016,0.041667,0.666665,0.317460,0.000000,0.000000,1.000000,1.000000,0.000000,1.000000,0.785678,3.077994,0.001041,961.000000,3063.796684,5259.666667,3.222835,7544.000000,19179.527344,0.096987,0.002840,0.692141,0.189594
1232,0.919498,0.115150,-1.114585,-0.212410,56789.876775,2.763080,0.926680,0.348916,0.730769,1.000000,0.153846,0.541275,0.355138,0.141551,-1.354182,41432.439642,5.735283,0.647381,0.026989,0.076923,0.999998,0.674499,8.953611,0.457712,0.655058,0.749070,1.464432,0.429101,0.849887,6.373597,0.001476,745.201321,29950.647223,8032.288744,26.743260,66132.000000,130320.726562,0.060685,0.001406,0.733173,0.257177
1238,0.951385,0.097761,-1.898085,2.266638,45112.534690,1.754741,0.956395,0.564714,0.777778,1.000000,0.027778,0.581535,0.374494,-0.081688,-1.576785,34848.745276,5.135543,0.691685,0.079097,0.075269,0.999998,0.785422,3.769051,0.431792,0.861508,0.898128,0.606994,0.742197,0.792105,20.182286,0.001412,779.266558,13958.650826,6159.265198,14.508374,49320.000000,72618.546875,0.089561,0.002520,0.963282,0.282563
1239,1.000000,0.000000,,,112.000000,-0.000001,1.000000,1.000000,1.000000,1.000000,0.000000,0.139089,0.103784,1.475205,3.929716,52.674457,3.206090,0.173542,0.122759,0.028571,0.285714,0.141176,0.000000,0.000000,1.000000,1.000000,0.000000,1.000000,0.857244,1.917380,0.001041,961.000000,63.790652,90.333333,0.055351,112.000000,266.321564,0.421913,0.025770,0.681254,0.266719
